[{"model": "admin.logentry", "pk": 1, "fields": {"action_time": "2021-09-10T08:15:15.777Z", "user": 1, "content_type": 7, "object_id": "1", "object_repr": "obeliskjewellery.example.com", "action_flag": 2, "change_message": "[{\"changed\": {\"fields\": [\"Domain name\", \"Display name\"]}}]"}}, {"model": "admin.logentry", "pk": 2, "fields": {"action_time": "2021-09-15T12:22:27.933Z", "user": 1, "content_type": 13, "object_id": "1", "object_repr": "necklaces", "action_flag": 1, "change_message": "[{\"added\": {}}]"}}, {"model": "admin.logentry", "pk": 3, "fields": {"action_time": "2021-09-15T12:22:57.880Z", "user": 1, "content_type": 13, "object_id": "2", "object_repr": "bracelets", "action_flag": 1, "change_message": "[{\"added\": {}}]"}}, {"model": "admin.logentry", "pk": 4, "fields": {"action_time": "2021-09-15T12:23:16.661Z", "user": 1, "content_type": 13, "object_id": "3", "object_repr": "rings", "action_flag": 1, "change_message": "[{\"added\": {}}]"}}, {"model": "admin.logentry", "pk": 5, "fields": {"action_time": "2021-09-15T12:23:46.747Z", "user": 1, "content_type": 13, "object_id": "4", "object_repr": "brooches", "action_flag": 1, "change_message": "[{\"added\": {}}]"}}, {"model": "admin.logentry", "pk": 6, "fields": {"action_time": "2021-09-15T12:24:06.172Z", "user": 1, "content_type": 13, "object_id": "5", "object_repr": "earrings", "action_flag": 1, "change_message": "[{\"added\": {}}]"}}, {"model": "admin.logentry", "pk": 7, "fields": {"action_time": "2021-09-15T12:24:29.037Z", "user": 1, "content_type": 13, "object_id": "6", "object_repr": "combinations", "action_flag": 1, "change_message": "[{\"added\": {}}]"}}, {"model": "admin.logentry", "pk": 8, "fields": {"action_time": "2021-09-15T12:24:43.436Z", "user": 1, "content_type": 13, "object_id": "7", "object_repr": "sale", "action_flag": 1, "change_message": "[{\"added\": {}}]"}}, {"model": "admin.logentry", "pk": 9, "fields": {"action_time": "2021-09-15T12:32:00.530Z", "user": 1, "content_type": 14, "object_id": "1", "object_repr": "Daisy brooch with small gems", "action_flag": 1, "change_message": "[{\"added\": {}}]"}}, {"model": "admin.logentry", "pk": 10, "fields": {"action_time": "2021-09-15T12:37:43.373Z", "user": 1, "content_type": 14, "object_id": "1", "object_repr": "Daisy brooch with small gems", "action_flag": 2, "change_message": "[{\"changed\": {\"fields\": [\"Category\"]}}]"}}, {"model": "admin.logentry", "pk": 11, "fields": {"action_time": "2021-09-15T12:45:51.649Z", "user": 1, "content_type": 14, "object_id": "2", "object_repr": "Leaf brooch", "action_flag": 1, "change_message": "[{\"added\": {}}]"}}, {"model": "admin.logentry", "pk": 12, "fields": {"action_time": "2021-09-15T12:47:55.773Z", "user": 1, "content_type": 14, "object_id": "3", "object_repr": "Tulip brooch", "action_flag": 1, "change_message": "[{\"added\": {}}]"}}, {"model": "admin.logentry", "pk": 13, "fields": {"action_time": "2021-09-15T12:50:36.081Z", "user": 1, "content_type": 14, "object_id": "4", "object_repr": "Flower brooch", "action_flag": 1, "change_message": "[{\"added\": {}}]"}}, {"model": "admin.logentry", "pk": 14, "fields": {"action_time": "2021-09-15T12:57:04.593Z", "user": 1, "content_type": 14, "object_id": "5", "object_repr": "Gold flower brooch", "action_flag": 1, "change_message": "[{\"added\": {}}]"}}, {"model": "admin.logentry", "pk": 15, "fields": {"action_time": "2021-09-15T12:59:16.963Z", "user": 1, "content_type": 14, "object_id": "6", "object_repr": "Silver leaf brooch", "action_flag": 1, "change_message": "[{\"added\": {}}]"}}, {"model": "admin.logentry", "pk": 16, "fields": {"action_time": "2021-09-15T13:02:02.159Z", "user": 1, "content_type": 14, "object_id": "7", "object_repr": "Gold heart brooch", "action_flag": 1, "change_message": "[{\"added\": {}}]"}}, {"model": "admin.logentry", "pk": 17, "fields": {"action_time": "2021-09-15T13:03:57.590Z", "user": 1, "content_type": 14, "object_id": "8", "object_repr": "Gold square brooch", "action_flag": 1, "change_message": "[{\"added\": {}}]"}}, {"model": "admin.logentry", "pk": 18, "fields": {"action_time": "2021-09-15T13:06:03.029Z", "user": 1, "content_type": 14, "object_id": "9", "object_repr": "Amethyst bee brooch", "action_flag": 1, "change_message": "[{\"added\": {}}]"}}, {"model": "admin.logentry", "pk": 19, "fields": {"action_time": "2021-09-15T13:08:43.755Z", "user": 1, "content_type": 14, "object_id": "10", "object_repr": "Owl brooch", "action_flag": 1, "change_message": "[{\"added\": {}}]"}}, {"model": "admin.logentry", "pk": 20, "fields": {"action_time": "2021-09-15T13:11:06.043Z", "user": 1, "content_type": 14, "object_id": "11", "object_repr": "Bloodstone necklace", "action_flag": 1, "change_message": "[{\"added\": {}}]"}}, {"model": "admin.logentry", "pk": 21, "fields": {"action_time": "2021-09-15T13:12:53.344Z", "user": 1, "content_type": 14, "object_id": "12", "object_repr": "Bead necklace", "action_flag": 1, "change_message": "[{\"added\": {}}]"}}, {"model": "admin.logentry", "pk": 22, "fields": {"action_time": "2021-09-15T13:19:42.572Z", "user": 1, "content_type": 14, "object_id": "13", "object_repr": "Lapis necklace", "action_flag": 1, "change_message": "[{\"added\": {}}]"}}, {"model": "admin.logentry", "pk": 23, "fields": {"action_time": "2021-09-15T13:21:50.701Z", "user": 1, "content_type": 14, "object_id": "14", "object_repr": "Bead necklace", "action_flag": 1, "change_message": "[{\"added\": {}}]"}}, {"model": "admin.logentry", "pk": 24, "fields": {"action_time": "2021-09-15T13:24:00.898Z", "user": 1, "content_type": 14, "object_id": "15", "object_repr": "Rock crystal necklace", "action_flag": 1, "change_message": "[{\"added\": {}}]"}}, {"model": "admin.logentry", "pk": 25, "fields": {"action_time": "2021-09-15T13:31:25.052Z", "user": 1, "content_type": 14, "object_id": "16", "object_repr": "Silver heart pendant", "action_flag": 1, "change_message": "[{\"added\": {}}]"}}, {"model": "admin.logentry", "pk": 26, "fields": {"action_time": "2021-09-15T13:33:28.813Z", "user": 1, "content_type": 14, "object_id": "17", "object_repr": "Lapis necklace", "action_flag": 1, "change_message": "[{\"added\": {}}]"}}, {"model": "admin.logentry", "pk": 27, "fields": {"action_time": "2021-09-15T13:35:07.587Z", "user": 1, "content_type": 14, "object_id": "18", "object_repr": "Topaz necklace", "action_flag": 1, "change_message": "[{\"added\": {}}]"}}, {"model": "admin.logentry", "pk": 28, "fields": {"action_time": "2021-09-15T13:37:15.572Z", "user": 1, "content_type": 14, "object_id": "19", "object_repr": "Red bead necklace", "action_flag": 1, "change_message": "[{\"added\": {}}]"}}, {"model": "admin.logentry", "pk": 29, "fields": {"action_time": "2021-09-15T13:38:58.800Z", "user": 1, "content_type": 14, "object_id": "20", "object_repr": "Aquamarine necklace", "action_flag": 1, "change_message": "[{\"added\": {}}]"}}, {"model": "admin.logentry", "pk": 30, "fields": {"action_time": "2021-09-15T13:40:16.988Z", "user": 1, "content_type": 14, "object_id": "21", "object_repr": "Amber pendant", "action_flag": 1, "change_message": "[{\"added\": {}}]"}}, {"model": "admin.logentry", "pk": 31, "fields": {"action_time": "2021-09-15T13:41:39.718Z", "user": 1, "content_type": 14, "object_id": "22", "object_repr": "Silver medal necklace", "action_flag": 1, "change_message": "[{\"added\": {}}]"}}, {"model": "admin.logentry", "pk": 32, "fields": {"action_time": "2021-09-15T13:44:00.479Z", "user": 1, "content_type": 14, "object_id": "23", "object_repr": "Fluorite necklace", "action_flag": 1, "change_message": "[{\"added\": {}}]"}}, {"model": "admin.logentry", "pk": 33, "fields": {"action_time": "2021-09-15T13:45:21.302Z", "user": 1, "content_type": 14, "object_id": "24", "object_repr": "Agate necklace", "action_flag": 1, "change_message": "[{\"added\": {}}]"}}, {"model": "admin.logentry", "pk": 34, "fields": {"action_time": "2021-09-15T13:46:49.884Z", "user": 1, "content_type": 14, "object_id": "25", "object_repr": "Apatite necklace", "action_flag": 1, "change_message": "[{\"added\": {}}]"}}, {"model": "admin.logentry", "pk": 35, "fields": {"action_time": "2021-09-15T13:48:11.585Z", "user": 1, "content_type": 14, "object_id": "26", "object_repr": "Gold heart necklace", "action_flag": 1, "change_message": "[{\"added\": {}}]"}}, {"model": "admin.logentry", "pk": 36, "fields": {"action_time": "2021-09-15T13:49:52.056Z", "user": 1, "content_type": 14, "object_id": "27", "object_repr": "Amazonite pendant", "action_flag": 1, "change_message": "[{\"added\": {}}]"}}, {"model": "admin.logentry", "pk": 37, "fields": {"action_time": "2021-09-15T13:52:08.255Z", "user": 1, "content_type": 14, "object_id": "28", "object_repr": "Bronzite necklace", "action_flag": 1, "change_message": "[{\"added\": {}}]"}}, {"model": "admin.logentry", "pk": 38, "fields": {"action_time": "2021-09-15T13:55:06.054Z", "user": 1, "content_type": 14, "object_id": "29", "object_repr": "Rose quartz necklace", "action_flag": 1, "change_message": "[{\"added\": {}}]"}}, {"model": "admin.logentry", "pk": 39, "fields": {"action_time": "2021-09-15T13:56:40.519Z", "user": 1, "content_type": 14, "object_id": "30", "object_repr": "Apatite necklace", "action_flag": 1, "change_message": "[{\"added\": {}}]"}}, {"model": "admin.logentry", "pk": 40, "fields": {"action_time": "2021-09-15T14:00:30.674Z", "user": 1, "content_type": 14, "object_id": "31", "object_repr": "Ankh necklace", "action_flag": 1, "change_message": "[{\"added\": {}}]"}}, {"model": "admin.logentry", "pk": 41, "fields": {"action_time": "2021-09-15T14:03:00.225Z", "user": 1, "content_type": 14, "object_id": "32", "object_repr": "Blue titanium necklace", "action_flag": 1, "change_message": "[{\"added\": {}}]"}}, {"model": "admin.logentry", "pk": 42, "fields": {"action_time": "2021-09-15T14:04:20.788Z", "user": 1, "content_type": 14, "object_id": "33", "object_repr": "Pink agate necklace", "action_flag": 1, "change_message": "[{\"added\": {}}]"}}, {"model": "admin.logentry", "pk": 43, "fields": {"action_time": "2021-09-15T15:04:25.237Z", "user": 1, "content_type": 14, "object_id": "34", "object_repr": "Druzy bracelet", "action_flag": 1, "change_message": "[{\"added\": {}}]"}}, {"model": "admin.logentry", "pk": 44, "fields": {"action_time": "2021-09-15T15:16:13.615Z", "user": 1, "content_type": 14, "object_id": "35", "object_repr": "Bead bracelet", "action_flag": 1, "change_message": "[{\"added\": {}}]"}}, {"model": "admin.logentry", "pk": 45, "fields": {"action_time": "2021-09-15T15:21:30.391Z", "user": 1, "content_type": 14, "object_id": "36", "object_repr": "Chacedony bracelet", "action_flag": 1, "change_message": "[{\"added\": {}}]"}}, {"model": "admin.logentry", "pk": 46, "fields": {"action_time": "2021-09-15T15:25:46.748Z", "user": 1, "content_type": 14, "object_id": "37", "object_repr": "Bead necklace", "action_flag": 1, "change_message": "[{\"added\": {}}]"}}, {"model": "admin.logentry", "pk": 47, "fields": {"action_time": "2021-09-15T15:28:27.446Z", "user": 1, "content_type": 14, "object_id": "38", "object_repr": "Silver flower bracelet", "action_flag": 1, "change_message": "[{\"added\": {}}]"}}, {"model": "admin.logentry", "pk": 48, "fields": {"action_time": "2021-09-15T15:30:32.788Z", "user": 1, "content_type": 14, "object_id": "39", "object_repr": "Aquamarine bracelet", "action_flag": 1, "change_message": "[{\"added\": {}}]"}}, {"model": "admin.logentry", "pk": 49, "fields": {"action_time": "2021-09-15T19:04:42.226Z", "user": 1, "content_type": 14, "object_id": "40", "object_repr": "Bead bracelet", "action_flag": 1, "change_message": "[{\"added\": {}}]"}}, {"model": "admin.logentry", "pk": 50, "fields": {"action_time": "2021-09-15T19:13:26.100Z", "user": 1, "content_type": 14, "object_id": "41", "object_repr": "Solar quartz bracelet", "action_flag": 1, "change_message": "[{\"added\": {}}]"}}, {"model": "admin.logentry", "pk": 51, "fields": {"action_time": "2021-09-15T19:18:49.064Z", "user": 1, "content_type": 14, "object_id": "42", "object_repr": "Druzy bracelet", "action_flag": 1, "change_message": "[{\"added\": {}}]"}}, {"model": "admin.logentry", "pk": 52, "fields": {"action_time": "2021-09-15T19:20:58.358Z", "user": 1, "content_type": 14, "object_id": "43", "object_repr": "Bead bracelet", "action_flag": 1, "change_message": "[{\"added\": {}}]"}}, {"model": "admin.logentry", "pk": 53, "fields": {"action_time": "2021-09-15T19:24:06.651Z", "user": 1, "content_type": 14, "object_id": "44", "object_repr": "Bead bracelet", "action_flag": 1, "change_message": "[{\"added\": {}}]"}}, {"model": "admin.logentry", "pk": 54, "fields": {"action_time": "2021-09-15T19:25:46.665Z", "user": 1, "content_type": 14, "object_id": "45", "object_repr": "Azure bracelet", "action_flag": 1, "change_message": "[{\"added\": {}}]"}}, {"model": "admin.logentry", "pk": 55, "fields": {"action_time": "2021-09-15T19:30:36.290Z", "user": 1, "content_type": 14, "object_id": "46", "object_repr": "Moonstone necklace", "action_flag": 1, "change_message": "[{\"added\": {}}]"}}, {"model": "admin.logentry", "pk": 56, "fields": {"action_time": "2021-09-15T19:32:28.791Z", "user": 1, "content_type": 14, "object_id": "47", "object_repr": "Tiger's eye bracelet", "action_flag": 1, "change_message": "[{\"added\": {}}]"}}, {"model": "admin.logentry", "pk": 57, "fields": {"action_time": "2021-09-15T19:35:47.904Z", "user": 1, "content_type": 14, "object_id": "48", "object_repr": "Leather bracelet", "action_flag": 1, "change_message": "[{\"added\": {}}]"}}, {"model": "admin.logentry", "pk": 58, "fields": {"action_time": "2021-09-15T19:42:32.945Z", "user": 1, "content_type": 14, "object_id": "49", "object_repr": "Leather bracelet", "action_flag": 1, "change_message": "[{\"added\": {}}]"}}, {"model": "admin.logentry", "pk": 59, "fields": {"action_time": "2021-09-15T19:43:58.657Z", "user": 1, "content_type": 14, "object_id": "50", "object_repr": "Leather bracelet", "action_flag": 1, "change_message": "[{\"added\": {}}]"}}, {"model": "admin.logentry", "pk": 60, "fields": {"action_time": "2021-09-15T19:45:32.273Z", "user": 1, "content_type": 14, "object_id": "51", "object_repr": "Bead bracelet", "action_flag": 1, "change_message": "[{\"added\": {}}]"}}, {"model": "admin.logentry", "pk": 61, "fields": {"action_time": "2021-09-15T19:47:15.436Z", "user": 1, "content_type": 14, "object_id": "52", "object_repr": "Amethyst bracelet", "action_flag": 1, "change_message": "[{\"added\": {}}]"}}, {"model": "admin.logentry", "pk": 62, "fields": {"action_time": "2021-09-15T19:49:52.797Z", "user": 1, "content_type": 14, "object_id": "53", "object_repr": "Polished chrome bracelet", "action_flag": 1, "change_message": "[{\"added\": {}}]"}}, {"model": "admin.logentry", "pk": 63, "fields": {"action_time": "2021-09-15T19:52:01.623Z", "user": 1, "content_type": 14, "object_id": "54", "object_repr": "Obsidian bracelet", "action_flag": 1, "change_message": "[{\"added\": {}}]"}}, {"model": "admin.logentry", "pk": 64, "fields": {"action_time": "2021-09-15T19:53:52.886Z", "user": 1, "content_type": 14, "object_id": "55", "object_repr": "Blue glass earrings", "action_flag": 1, "change_message": "[{\"added\": {}}]"}}, {"model": "admin.logentry", "pk": 65, "fields": {"action_time": "2021-09-15T19:58:22.518Z", "user": 1, "content_type": 14, "object_id": "56", "object_repr": "Gold earrings", "action_flag": 1, "change_message": "[{\"added\": {}}]"}}, {"model": "admin.logentry", "pk": 66, "fields": {"action_time": "2021-09-15T19:59:56.818Z", "user": 1, "content_type": 14, "object_id": "57", "object_repr": "Painted gold earrings", "action_flag": 1, "change_message": "[{\"added\": {}}]"}}, {"model": "admin.logentry", "pk": 67, "fields": {"action_time": "2021-09-15T20:01:16.446Z", "user": 1, "content_type": 14, "object_id": "58", "object_repr": "Aventurine earrings", "action_flag": 1, "change_message": "[{\"added\": {}}]"}}, {"model": "admin.logentry", "pk": 68, "fields": {"action_time": "2021-09-15T20:02:43.599Z", "user": 1, "content_type": 14, "object_id": "59", "object_repr": "Gold earrings", "action_flag": 1, "change_message": "[{\"added\": {}}]"}}, {"model": "admin.logentry", "pk": 69, "fields": {"action_time": "2021-09-15T20:04:03.342Z", "user": 1, "content_type": 14, "object_id": "60", "object_repr": "Flower earrings", "action_flag": 1, "change_message": "[{\"added\": {}}]"}}, {"model": "admin.logentry", "pk": 70, "fields": {"action_time": "2021-09-15T20:07:49.247Z", "user": 1, "content_type": 14, "object_id": "61", "object_repr": "Ammonite earrings", "action_flag": 1, "change_message": "[{\"added\": {}}]"}}, {"model": "admin.logentry", "pk": 71, "fields": {"action_time": "2021-09-15T20:09:42.820Z", "user": 1, "content_type": 14, "object_id": "62", "object_repr": "Aquamarine earrings", "action_flag": 1, "change_message": "[{\"added\": {}}]"}}, {"model": "admin.logentry", "pk": 72, "fields": {"action_time": "2021-09-15T20:11:45.205Z", "user": 1, "content_type": 14, "object_id": "63", "object_repr": "Painted silver ring", "action_flag": 1, "change_message": "[{\"added\": {}}]"}}, {"model": "admin.logentry", "pk": 73, "fields": {"action_time": "2021-09-15T20:13:08.768Z", "user": 1, "content_type": 14, "object_id": "64", "object_repr": "Carnelian ring", "action_flag": 1, "change_message": "[{\"added\": {}}]"}}, {"model": "admin.logentry", "pk": 74, "fields": {"action_time": "2021-09-15T20:14:55.114Z", "user": 1, "content_type": 14, "object_id": "65", "object_repr": "Morganite ring", "action_flag": 1, "change_message": "[{\"added\": {}}]"}}, {"model": "admin.logentry", "pk": 75, "fields": {"action_time": "2021-09-15T20:16:35.033Z", "user": 1, "content_type": 14, "object_id": "66", "object_repr": "Rhodochrosite ring", "action_flag": 1, "change_message": "[{\"added\": {}}]"}}, {"model": "admin.logentry", "pk": 76, "fields": {"action_time": "2021-09-15T20:19:01.400Z", "user": 1, "content_type": 14, "object_id": "67", "object_repr": "Oval gem ring", "action_flag": 1, "change_message": "[{\"added\": {}}]"}}, {"model": "admin.logentry", "pk": 77, "fields": {"action_time": "2021-09-15T20:20:42.859Z", "user": 1, "content_type": 14, "object_id": "68", "object_repr": "Green gem ring", "action_flag": 1, "change_message": "[{\"added\": {}}]"}}, {"model": "admin.logentry", "pk": 78, "fields": {"action_time": "2021-09-15T20:25:02.994Z", "user": 1, "content_type": 14, "object_id": "69", "object_repr": "Blue calcite ring", "action_flag": 1, "change_message": "[{\"added\": {}}]"}}, {"model": "admin.logentry", "pk": 79, "fields": {"action_time": "2021-09-15T20:26:10.610Z", "user": 1, "content_type": 14, "object_id": "70", "object_repr": "Carnelian ring", "action_flag": 1, "change_message": "[{\"added\": {}}]"}}, {"model": "admin.logentry", "pk": 80, "fields": {"action_time": "2021-09-15T20:27:39.548Z", "user": 1, "content_type": 14, "object_id": "71", "object_repr": "Teal agate ring", "action_flag": 1, "change_message": "[{\"added\": {}}]"}}, {"model": "admin.logentry", "pk": 81, "fields": {"action_time": "2021-09-15T20:29:21.294Z", "user": 1, "content_type": 14, "object_id": "72", "object_repr": "Chrysoprase ring", "action_flag": 1, "change_message": "[{\"added\": {}}]"}}, {"model": "admin.logentry", "pk": 82, "fields": {"action_time": "2021-09-15T20:30:48.284Z", "user": 1, "content_type": 14, "object_id": "73", "object_repr": "Chrysoprase ring", "action_flag": 1, "change_message": "[{\"added\": {}}]"}}, {"model": "admin.logentry", "pk": 83, "fields": {"action_time": "2021-09-15T20:33:03.567Z", "user": 1, "content_type": 14, "object_id": "74", "object_repr": "Rutilated quartz ring", "action_flag": 1, "change_message": "[{\"added\": {}}]"}}, {"model": "admin.logentry", "pk": 84, "fields": {"action_time": "2021-09-15T20:34:31.516Z", "user": 1, "content_type": 14, "object_id": "75", "object_repr": "Chrysoprase ring", "action_flag": 1, "change_message": "[{\"added\": {}}]"}}, {"model": "admin.logentry", "pk": 85, "fields": {"action_time": "2021-09-15T20:36:06.924Z", "user": 1, "content_type": 14, "object_id": "76", "object_repr": "Blue gem ring", "action_flag": 1, "change_message": "[{\"added\": {}}]"}}, {"model": "admin.logentry", "pk": 86, "fields": {"action_time": "2021-09-15T20:37:22.964Z", "user": 1, "content_type": 14, "object_id": "77", "object_repr": "Amethyst ring", "action_flag": 1, "change_message": "[{\"added\": {}}]"}}, {"model": "admin.logentry", "pk": 87, "fields": {"action_time": "2021-09-15T20:39:03.456Z", "user": 1, "content_type": 14, "object_id": "78", "object_repr": "Druzy ring", "action_flag": 1, "change_message": "[{\"added\": {}}]"}}, {"model": "admin.logentry", "pk": 88, "fields": {"action_time": "2021-09-15T20:41:38.576Z", "user": 1, "content_type": 14, "object_id": "79", "object_repr": "Gold ring", "action_flag": 1, "change_message": "[{\"added\": {}}]"}}, {"model": "admin.logentry", "pk": 89, "fields": {"action_time": "2021-09-15T20:43:30.073Z", "user": 1, "content_type": 14, "object_id": "80", "object_repr": "Necklace and earrings", "action_flag": 1, "change_message": "[{\"added\": {}}]"}}, {"model": "admin.logentry", "pk": 90, "fields": {"action_time": "2021-09-15T20:45:08.138Z", "user": 1, "content_type": 14, "object_id": "81", "object_repr": "Bracelet and earrings", "action_flag": 1, "change_message": "[{\"added\": {}}]"}}, {"model": "admin.logentry", "pk": 91, "fields": {"action_time": "2021-09-15T20:46:51.415Z", "user": 1, "content_type": 14, "object_id": "82", "object_repr": "Necklace and rings", "action_flag": 1, "change_message": "[{\"added\": {}}]"}}, {"model": "admin.logentry", "pk": 92, "fields": {"action_time": "2021-09-15T20:48:34.659Z", "user": 1, "content_type": 14, "object_id": "83", "object_repr": "Necklace and rings", "action_flag": 1, "change_message": "[{\"added\": {}}]"}}, {"model": "admin.logentry", "pk": 93, "fields": {"action_time": "2021-09-15T20:50:11.153Z", "user": 1, "content_type": 14, "object_id": "84", "object_repr": "Necklace, earrings and ring", "action_flag": 1, "change_message": "[{\"added\": {}}]"}}, {"model": "admin.logentry", "pk": 94, "fields": {"action_time": "2021-09-15T20:51:48.591Z", "user": 1, "content_type": 14, "object_id": "85", "object_repr": "Necklace and earrings", "action_flag": 1, "change_message": "[{\"added\": {}}]"}}, {"model": "admin.logentry", "pk": 95, "fields": {"action_time": "2021-09-15T20:52:59.245Z", "user": 1, "content_type": 14, "object_id": "86", "object_repr": "Gold necklace and earrings", "action_flag": 1, "change_message": "[{\"added\": {}}]"}}, {"model": "admin.logentry", "pk": 96, "fields": {"action_time": "2021-09-15T20:54:27.018Z", "user": 1, "content_type": 14, "object_id": "87", "object_repr": "Necklace and earrings", "action_flag": 1, "change_message": "[{\"added\": {}}]"}}, {"model": "admin.logentry", "pk": 97, "fields": {"action_time": "2021-09-16T13:51:59.157Z", "user": 1, "content_type": 14, "object_id": "49", "object_repr": "Leather bracelet", "action_flag": 2, "change_message": "[{\"changed\": {\"fields\": [\"Image\"]}}]"}}, {"model": "admin.logentry", "pk": 98, "fields": {"action_time": "2021-09-16T13:53:07.677Z", "user": 1, "content_type": 14, "object_id": "83", "object_repr": "Necklace and rings", "action_flag": 2, "change_message": "[{\"changed\": {\"fields\": [\"Image\"]}}]"}}, {"model": "admin.logentry", "pk": 99, "fields": {"action_time": "2021-09-17T12:30:36.989Z", "user": 1, "content_type": 14, "object_id": "63", "object_repr": "Painted silver ring", "action_flag": 2, "change_message": "[{\"changed\": {\"fields\": [\"Image\"]}}]"}}, {"model": "admin.logentry", "pk": 100, "fields": {"action_time": "2021-09-17T12:31:07.139Z", "user": 1, "content_type": 14, "object_id": "69", "object_repr": "Blue calcite ring", "action_flag": 2, "change_message": "[{\"changed\": {\"fields\": [\"Image\"]}}]"}}, {"model": "admin.logentry", "pk": 101, "fields": {"action_time": "2021-09-17T12:31:52.274Z", "user": 1, "content_type": 14, "object_id": "79", "object_repr": "Gold ring", "action_flag": 2, "change_message": "[{\"changed\": {\"fields\": [\"Image\"]}}]"}}, {"model": "auth.user", "pk": 1, "fields": {"password": "pbkdf2_sha256$260000$YoJnnQit89tlGCmlWRvexk$u93PXMj55WJqul2ks8z8DfIKfEtrp8Ml8MK3A1RqHeA=", "last_login": "2021-10-07T16:38:21.568Z", "is_superuser": true, "username": "sla7604", "first_name": "", "last_name": "", "email": "s04anson@gmail.com", "is_staff": true, "is_active": true, "date_joined": "2021-09-09T08:59:48.760Z", "groups": [], "user_permissions": []}}, {"model": "auth.user", "pk": 2, "fields": {"password": "pbkdf2_sha256$260000$jTuEa2dBG19By4GzEetoXk$soS/J4JQnfzK0ckCs0lzi9uj6YHo+Add/T9Z+DHfAYM=", "last_login": "2021-10-09T18:47:40.477Z", "is_superuser": false, "username": "testytest", "first_name": "", "last_name": "", "email": "test@test.com", "is_staff": false, "is_active": true, "date_joined": "2021-10-02T14:21:01.887Z", "groups": [], "user_permissions": []}}, {"model": "sessions.session", "pk": "3mimaay515mwpiny3miij8366uhjurjc", "fields": {"session_data": ".eJxVjDkOgzAQRe8ydWSNPdgDLtPnDGi8sCSRkVgqxN0TJBra_977OwTpwe9AFXh9PKCVbR3abclzOybwoOG2BYmfXE6Q3lL6ScWprPMY1Kmoiy7qNaX8fV7u7WCQZfjXYq1lQo4mOg5OrKOaOssum9ix1oSVsYyYY03SNBpTVbNxmFmjEXJw_ABpYjn8:1mTPmq:LLqsY_LrfGcJHCTzZILciX3OudYgLnzswhWN_TbTrcI", "expire_date": "2021-10-07T14:33:20.815Z"}}, {"model": "sessions.session", "pk": "50i1cpy8za744hc7hvietsvxlw5efjhv", "fields": {"session_data": "eyJfc2Vzc2lvbl9leHBpcnkiOjB9:1mWcc8:5i3K7SrgR7RTivcj9LL10Le6LCyK8LRcN344oxVs_yw", "expire_date": "2021-10-16T10:51:32.799Z"}}, {"model": "sessions.session", "pk": "5ck199y90y85fzhnk34a1ytf1r67noir", "fields": {"session_data": ".eJxVjLkOgzAQRP9la2R5vdgLlOnzDWh9ADkEEkeF-PeYiCKpRnpvZnZoZVuHdlvS3D4iNIBQ_DIv4ZXGU8SnjP2kwjSu88Ors6Iuu6j7FNP7dnX_DgZZhrwWay2T5mCCY-_EOqqos-ySCR0jki6NZa1TqEjqGnUsKzZOJ0ZthFw-9dJDswOV0GABLocpAPEbdWbH8QGVxj2U:1mSHkh:4GQuF66BazHYgy41Q7HMowWysNsBcLgE1BfeKSbdoHk", "expire_date": "2021-10-04T11:46:27.200Z"}}, {"model": "sessions.session", "pk": "f5mrf5la8tur3cnu5vjxxqvdhvqzyegs", "fields": {"session_data": "eyJiYWciOnsiNTciOjF9fQ:1mT3wA:llnWopJwBXavf9hzyLr8FdPE_BCcnnGTLGt0TfqgBQE", "expire_date": "2021-10-06T15:13:30.596Z"}}, {"model": "sessions.session", "pk": "t1zfrk9hhhb1hgbqf5e14knzo93le0x0", "fields": {"session_data": "eyJzYXZlX2luZm8iOmZhbHNlfQ:1mbIvy:XWo5ccqZQGorbhak8qjYO_w2DvAkDpmm5RSYiUThkpQ", "expire_date": "2021-10-29T08:51:22.573Z"}}, {"model": "sessions.session", "pk": "u8qv1dgthhy3blq65npdrj5yw82cjo9x", "fields": {"session_data": ".eJyrVkpKTFeyqlYyMwWRmSWpucXxSZXxxZlVqSCBXCUrIx2lHCUrk9paHSVjoCJDHSVDMGlsBqRqawGYaRJg:1mScsn:t67fxm96-JV5VDPHzhrTfozCQFdw1YSrZ2QJ1Vy50qE", "expire_date": "2021-10-05T10:20:13.207Z"}}, {"model": "sessions.session", "pk": "vdhvxzqysfctnga23bn7jv79a2j3na1u", "fields": {"session_data": ".eJxVjEEOwiAQRe_C2pABCtN26d4zkClMLWrAlDbRGO-uTbrp9r_3_kf4yrWmkj2_nml-ix5OwtO6TH6tPPsURS-UOGwDhTvnDcQb5WuRoeRlToPcFLnTKi8l8uO8u4eDier0r8laiwYw6OBwcGSdac1o0bEOIyploNEWATi0hrpOQWxa1A4YFWgyTnx_1pk9Vw:1mOgY7:ig87JCES-81El0PZKH2NHMqwhzfr2M11nnZUP5cwEUY", "expire_date": "2021-09-24T13:26:35.312Z"}}, {"model": "sessions.session", "pk": "w3a7yoj3xcpqah1kdfikp1ydctadvi9c", "fields": {"session_data": ".eJxljtEKwjAMRf8lz2N0HdW2b_ojJUtTV6xV1k2U4b-7yRDEx9xzc5IZkOg65dHdeYghsnd8wZjA5iml6kunwgNYkFCBw2nsP4GL_j_rkM6cV4AprXG9OepPZ8OlPiwT5zESjvGaj9vWj6rH0i8eIYXx5I0ySgeJndcUVLtDY4IIkoiUQNVq0ntJjWAKe90F1WhBXrYBcZUWLmU54_hxi8MTrKigwxPYeXnfNq_XG0ZgWYQ:1mWkpd:MZL2sY-2hr6BdeyyjBvHhWSe6dWhaSqNDyg93HwPr_c", "expire_date": "2021-10-16T19:38:01.675Z"}}, {"model": "sessions.session", "pk": "we4o0vsf7he2evw69wcdbues9fxf0h67", "fields": {"session_data": "eyJzYXZlX2luZm8iOmZhbHNlfQ:1mahoK:RLWi1eIGn0EOKMzuElQgsV-kXhQQM2k8Fmn-jsspu6k", "expire_date": "2021-10-27T17:13:00.243Z"}}, {"model": "sessions.session", "pk": "wjkl5na8tvbek7i40bjfc812r5ihkxd4", "fields": {"session_data": ".eJxVjU0OwiAQhe_C2jRTGix0pxchw8AEYkNNgURjvLut6UKX7-97L2Gx1WhbCatNXkxCitOv55BuIe8BzvNud0i0tFy7b-eIS3fZVMg1Eda05Oux-kNFLHHjgATjyRtllGaJzmtiNZzRGAaWRKQA1aBJj5J6CMSjdqx6DeTlwIg7tIRSthsbHve0PsUE7w_ZtkRG:1mXsaL:jexgNEmB-ClBLnxe2-STAYh6SLfQZkoLboXGbUxCpJA", "expire_date": "2021-10-19T22:06:53.316Z"}}, {"model": "sessions.session", "pk": "xjjmmbh56vdpfqmwkr7wnavyed34xhqk", "fields": {"session_data": ".eJxVjL0OgzAQg9_lZoTyQxJg7N5niC7hgLQFKgJSKeq7l0gMrQcP_mzvYHFdertGmm1ooAYO2W_m0N9pTKC54dhNuZ_GZQ4uT5X8pDG_Tg09Lmf376DH2B9rVEoZyYwXXhunUWlZylYZTcK3hnPJCqEMY-RLiVXFWVOURmhGhjOBUqfTSDGGabT0eoZ5g5pl4LCDegddJA8LDdG6zcbwphQMUPPPoS9zgkoL:1mYWlc:naZAkSshSLNTNoeXwWE68c-T01xueE-DGRq75saG88Y", "expire_date": "2021-10-21T17:01:12.711Z"}}, {"model": "sites.site", "pk": 1, "fields": {"domain": "obeliskjewellery.example.com", "name": "Obelisk Jewellery"}}, {"model": "account.emailaddress", "pk": 1, "fields": {"user": 1, "email": "s04anson@gmail.com", "verified": true, "primary": true}}, {"model": "account.emailaddress", "pk": 2, "fields": {"user": 2, "email": "test@test.com", "verified": true, "primary": true}}, {"model": "products.category", "pk": 1, "fields": {"name": "necklaces", "friendly_name": "Necklaces"}}, {"model": "products.category", "pk": 2, "fields": {"name": "bracelets", "friendly_name": "Bracelets"}}, {"model": "products.category", "pk": 3, "fields": {"name": "rings", "friendly_name": "Rings"}}, {"model": "products.category", "pk": 4, "fields": {"name": "brooches", "friendly_name": "Brooches"}}, {"model": "products.category", "pk": 5, "fields": {"name": "earrings", "friendly_name": "Earrings"}}, {"model": "products.category", "pk": 6, "fields": {"name": "combinations", "friendly_name": "Combinations"}}, {"model": "products.category", "pk": 7, "fields": {"name": "sale", "friendly_name": "Sale items"}}, {"model": "products.product", "pk": 1, "fields": {"category": 4, "sku": "pp001", "name": "Daisy brooch with small gems", "description": "Daisy design with small gems", "has_sizes": false, "price": "55.00", "rating": "4.80", "image_url": "https://cdn.pixabay.com/photo/2017/07/08/18/38/decor-2485239__340.png", "image": "decor-2485239_640.png"}}, {"model": "products.product", "pk": 2, "fields": {"category": 4, "sku": "pp002", "name": "Leaf brooch", "description": "Leaf design with large gems", "has_sizes": false, "price": "45.00", "rating": "4.70", "image_url": "https://cdn.pixabay.com/photo/2017/07/08/17/54/decor-2485081_960_720.png", "image": "decor-2485081_640.jpg"}}, {"model": "products.product", "pk": 3, "fields": {"category": 4, "sku": "pp003", "name": "Tulip brooch", "description": "Tulip brooch with light blue gems", "has_sizes": false, "price": "45.00", "rating": "4.90", "image_url": "https://cdn.pixabay.com/photo/2017/07/08/18/54/decor-2485268_960_720.png", "image": "decor-2485268_640.jpg"}}, {"model": "products.product", "pk": 4, "fields": {"category": 4, "sku": "pp004", "name": "Flower brooch", "description": "Flower design with gem inlay", "has_sizes": false, "price": "45.00", "rating": "4.80", "image_url": "https://cdn.pixabay.com/photo/2017/07/08/00/34/decor-2483241_960_720.png", "image": "decor-2483241_640.jpg"}}, {"model": "products.product", "pk": 5, "fields": {"category": 4, "sku": "pp005", "name": "Gold flower brooch", "description": "Rose gold plated flower and leaf design brooch", "has_sizes": false, "price": "39.00", "rating": "4.70", "image_url": "https://cdn.pixabay.com/photo/2017/03/09/20/28/flower-2130758_960_720.png", "image": "flower-2130758_640.jpg"}}, {"model": "products.product", "pk": 6, "fields": {"category": 4, "sku": "pp006", "name": "Silver leaf brooch", "description": "Silver plated leaf design brooch", "has_sizes": false, "price": "35.00", "rating": "4.60", "image_url": "https://cdn.pixabay.com/photo/2017/03/10/18/32/brooch-2133460_960_720.png", "image": "brooch-2133460_640.png"}}, {"model": "products.product", "pk": 7, "fields": {"category": 4, "sku": "pp007", "name": "Gold heart brooch", "description": "Gold plate Heart shaped brooch", "has_sizes": false, "price": "36.00", "rating": "4.50", "image_url": "https://cdn.pixabay.com/photo/2018/05/17/23/52/heart-3410020_960_720.png", "image": "a-heart-3410020_640.jpg"}}, {"model": "products.product", "pk": 8, "fields": {"category": 4, "sku": "pp008", "name": "Gold square brooch", "description": "Rose gold plate brooch with square design", "has_sizes": false, "price": "38.00", "rating": "4.70", "image_url": "https://cdn.pixabay.com/photo/2017/03/09/20/31/brooch-2130764__480.png", "image": "brooch-2130764_640.jpg"}}, {"model": "products.product", "pk": 9, "fields": {"category": 4, "sku": "pp009", "name": "Amethyst bee brooch", "description": "Amethyst bee pin with gold surround", "has_sizes": false, "price": "130.00", "rating": "4.80", "image_url": "https://cdn.pixabay.com/photo/2017/07/03/16/24/insect-2468230_960_720.jpg", "image": "insect-2468230_640.jpg"}}, {"model": "products.product", "pk": 10, "fields": {"category": 4, "sku": "pp010", "name": "Owl brooch", "description": "Owl pin with black, jet eyes and gold body", "has_sizes": false, "price": "120.00", "rating": "4.70", "image_url": "https://cdn.pixabay.com/photo/2017/10/04/20/05/sowa-2817399__340.jpg", "image": "owl-2817399_640.jpg"}}, {"model": "products.product", "pk": 11, "fields": {"category": 1, "sku": "pp011", "name": "Bloodstone necklace", "description": "Bloodstone dark green necklace different shapes", "has_sizes": false, "price": "130.00", "rating": "4.60", "image_url": "https://cdn.pixabay.com/photo/2015/03/09/14/01/bloodstone-665716_960_720.jpg", "image": "bloodstone-665716_640.jpg"}}, {"model": "products.product", "pk": 12, "fields": {"category": 1, "sku": "pp012", "name": "Bead necklace", "description": "Beaded necklace, many shapes and colours", "has_sizes": false, "price": "20.00", "rating": "4.50", "image_url": "https://cdn.pixabay.com/photo/2014/11/16/12/17/pearls-533337_960_720.jpg", "image": "pearls-533337_640.jpg"}}, {"model": "products.product", "pk": 13, "fields": {"category": 1, "sku": "pp013", "name": "Lapis necklace", "description": "Necklace with blue-white lapis stones", "has_sizes": false, "price": "120.00", "rating": "4.90", "image_url": "https://cdn.pixabay.com/photo/2015/03/12/01/46/lapis-669522_960_720.jpg", "image": "lapis-669522_640.jpg"}}, {"model": "products.product", "pk": 14, "fields": {"category": 1, "sku": "pp014", "name": "Bead necklace", "description": "Dark grey beaded necklace", "has_sizes": false, "price": "18.00", "rating": "4.50", "image_url": "https://cdn.pixabay.com/photo/2017/01/12/16/35/necklace-1975105__340.jpg", "image": "necklace-1975105_640.jpg"}}, {"model": "products.product", "pk": 15, "fields": {"category": 1, "sku": "pp015", "name": "Rock crystal necklace", "description": "White necklace with rock crystal stones, different shapes", "has_sizes": false, "price": "63.00", "rating": "4.70", "image_url": "https://cdn.pixabay.com/photo/2015/03/09/14/01/necklace-665715_960_720.jpg", "image": "necklace-665715_640.jpg"}}, {"model": "products.product", "pk": 16, "fields": {"category": 1, "sku": "pp016", "name": "Silver heart pendant", "description": "Necklace with heart shaped pendant and beads", "has_sizes": false, "price": "45.00", "rating": "4.70", "image_url": "https://cdn.pixabay.com/photo/2019/11/22/07/35/jewelry-4644297__340.jpg", "image": "jewelry-4644297_640.jpg"}}, {"model": "products.product", "pk": 17, "fields": {"category": 1, "sku": "pp017", "name": "Lapis necklace", "description": "Necklace with blue lapis lazuli stones, silver chain", "has_sizes": false, "price": "135.00", "rating": "4.60", "image_url": "https://cdn.pixabay.com/photo/2015/03/12/01/45/lapis-669521_960_720.jpg", "image": "lapis-669521_640.jpg"}}, {"model": "products.product", "pk": 18, "fields": {"category": 1, "sku": "pp018", "name": "Topaz necklace", "description": "Topaz necklace, silver chain", "has_sizes": false, "price": "200.00", "rating": "4.80", "image_url": "https://cdn.pixabay.com/photo/2015/03/12/01/44/mystic-topaz-669519_960_720.jpg", "image": "mystic-topaz-669519_640.jpg"}}, {"model": "products.product", "pk": 19, "fields": {"category": 1, "sku": "pp019", "name": "Red bead necklace", "description": "Red beaded necklace, different shapes", "has_sizes": false, "price": "24.00", "rating": "4.60", "image_url": "https://cdn.pixabay.com/photo/2015/03/09/14/04/red-665724__340.jpg", "image": "red-665724_640.jpg"}}, {"model": "products.product", "pk": 20, "fields": {"category": 1, "sku": "pp020", "name": "Aquamarine necklace", "description": "Aquamarine set into silver pendant", "has_sizes": false, "price": "105.00", "rating": "4.60", "image_url": "https://cdn.pixabay.com/photo/2015/05/26/09/48/chain-784422__340.jpg", "image": "chain-784422_640.jpg"}}, {"model": "products.product", "pk": 21, "fields": {"category": 1, "sku": "pp021", "name": "Amber pendant", "description": "Amber pieces set into silver frame", "has_sizes": false, "price": "41.00", "rating": "4.50", "image_url": "https://cdn.pixabay.com/photo/2015/03/12/01/12/amber-669473__340.jpg", "image": "amber-669473_640.jpg"}}, {"model": "products.product", "pk": 22, "fields": {"category": 1, "sku": "pp022", "name": "Silver medal necklace", "description": "Necklace made from small medals strung together", "has_sizes": false, "price": "92.00", "rating": "4.60", "image_url": "https://cdn.pixabay.com/photo/2014/11/05/19/26/woman-518275_960_720.jpg", "image": "woman-518275_640.jpg"}}, {"model": "products.product", "pk": 23, "fields": {"category": 1, "sku": "pp023", "name": "Fluorite necklace", "description": "Necklace made from fluorite stones, rectangular cut", "has_sizes": false, "price": "52.00", "rating": "4.70", "image_url": "https://cdn.pixabay.com/photo/2015/03/09/14/02/fluorite-665718_960_720.jpg", "image": "fluorite-665718_640.jpg"}}, {"model": "products.product", "pk": 24, "fields": {"category": 1, "sku": "pp024", "name": "Agate necklace", "description": "Necklace with agate stone at centre", "has_sizes": false, "price": "110.00", "rating": "4.50", "image_url": "https://cdn.pixabay.com/photo/2015/03/09/14/02/agate-665719_960_720.jpg", "image": "agate-665719_640.jpg"}}, {"model": "products.product", "pk": 25, "fields": {"category": 1, "sku": "pp025", "name": "Apatite necklace", "description": "Necklace with nine apatite stones", "has_sizes": false, "price": "60.00", "rating": "4.70", "image_url": "https://cdn.pixabay.com/photo/2015/03/09/13/53/gemstone-665696_960_720.jpg", "image": "gemstone-665696_640.jpg"}}, {"model": "products.product", "pk": 26, "fields": {"category": 1, "sku": "pp026", "name": "Gold heart necklace", "description": "Necklace with gold heart and gold chain", "has_sizes": false, "price": "75.00", "rating": "4.40", "image_url": "https://cdn.pixabay.com/photo/2017/03/03/16/14/heart-2114333__340.png", "image": "heart-2114333_1920.jpg"}}, {"model": "products.product", "pk": 27, "fields": {"category": 1, "sku": "pp027", "name": "Amazonite pendant", "description": "Pendant with light green amazonite stone with silver surround", "has_sizes": false, "price": "60.00", "rating": "4.80", "image_url": "https://cdn.pixabay.com/photo/2015/03/09/14/12/amazonite-665747__340.jpg", "image": "amazonite-665747_640.jpg"}}, {"model": "products.product", "pk": 28, "fields": {"category": 1, "sku": "pp028", "name": "Bronzite necklace", "description": "Bronzite and yellow quartz necklace with silver chain", "has_sizes": false, "price": "140.00", "rating": "4.60", "image_url": "https://cdn.pixabay.com/photo/2015/03/09/09/59/bronzite-665310_960_720.jpg", "image": "bronzite-665310_640.jpg"}}, {"model": "products.product", "pk": 29, "fields": {"category": 1, "sku": "pp029", "name": "Rose quartz necklace", "description": "Necklace with rose quartz stones, many shapes", "has_sizes": false, "price": "70.00", "rating": "4.70", "image_url": "https://cdn.pixabay.com/photo/2015/03/12/01/40/rose-quartz-669513_960_720.jpg", "image": "rose-quartz-669513_640.jpg"}}, {"model": "products.product", "pk": 30, "fields": {"category": 1, "sku": "pp030", "name": "Apatite necklace", "description": "Necklace with light green apatite stones, many shapes", "has_sizes": false, "price": "150.00", "rating": "4.90", "image_url": "https://cdn.pixabay.com/photo/2015/03/12/01/42/apatite-669515_960_720.jpg", "image": "apatite-669515_1921.jpg"}}, {"model": "products.product", "pk": 31, "fields": {"category": 1, "sku": "pp031", "name": "Ankh necklace", "description": "Ankh necklace with jet stones", "has_sizes": false, "price": "58.00", "rating": "4.40", "image_url": "https://cdn.pixabay.com/photo/2015/03/09/14/03/ankh-665720_960_720.jpg", "image": "ankh-665720_640.jpg"}}, {"model": "products.product", "pk": 32, "fields": {"category": 1, "sku": "pp032", "name": "Blue titanium necklace", "description": "Blue circle pendant", "has_sizes": false, "price": "15.00", "rating": "4.50", "image_url": "https://cdn.pixabay.com/photo/2015/08/26/19/25/pendant-908943__340.jpg", "image": "pendant-908943_640.jpg"}}, {"model": "products.product", "pk": 33, "fields": {"category": 1, "sku": "pp033", "name": "Pink agate necklace", "description": "Necklace with hot pink agate stones and silver chain", "has_sizes": false, "price": "190.00", "rating": "5.00", "image_url": "https://cdn.pixabay.com/photo/2015/03/09/10/00/pink-665316__340.jpg", "image": "pink-665316_640.jpg"}}, {"model": "products.product", "pk": 34, "fields": {"category": 2, "sku": "pp034", "name": "Druzy bracelet", "description": "Bracelet with green druzy stones, different shapes", "has_sizes": false, "price": "48.00", "rating": "4.40", "image_url": "https://cdn.pixabay.com/photo/2015/03/09/11/24/druzy-665486__340.jpg", "image": "druzy-665486_640.jpg"}}, {"model": "products.product", "pk": 35, "fields": {"category": 2, "sku": "pp035", "name": "Bead bracelet", "description": "Bracelet made from beads, with tassel", "has_sizes": false, "price": "25.00", "rating": "4.30", "image_url": "https://cdn.pixabay.com/photo/2016/04/12/16/44/bracelet-1324818_960_720.jpg", "image": "bracelet-1324818_640.jpg"}}, {"model": "products.product", "pk": 36, "fields": {"category": 2, "sku": "pp036", "name": "Chacedony bracelet", "description": "Bracelet made from orange chalcedony stones", "has_sizes": false, "price": "47.00", "rating": "4.50", "image_url": "https://cdn.pixabay.com/photo/2016/12/27/09/36/bracelet-1933601_960_720.jpg", "image": "bracelet-1933601_640.jpg"}}, {"model": "products.product", "pk": 37, "fields": {"category": 2, "sku": "pp037", "name": "Bead necklace", "description": "Bracelet made from beads, pearl effect", "has_sizes": false, "price": "28.00", "rating": "4.60", "image_url": "https://cdn.pixabay.com/photo/2017/03/05/01/41/jewelry-2117472_960_720.jpg", "image": "jewelry-2117472_640.jpg"}}, {"model": "products.product", "pk": 38, "fields": {"category": 2, "sku": "pp038", "name": "Silver flower bracelet", "description": "Silver bracelet, many flowers", "has_sizes": false, "price": "65.00", "rating": "4.50", "image_url": "https://cdn.pixabay.com/photo/2016/02/13/22/48/bracelet-1198737__340.jpg", "image": "bracelet-1198737_640.jpg"}}, {"model": "products.product", "pk": 39, "fields": {"category": 2, "sku": "pp039", "name": "Aquamarine bracelet", "description": "Bracelet containing green blue aquamarine stones with gold surround", "has_sizes": false, "price": "108.00", "rating": "4.80", "image_url": "https://cdn.pixabay.com/photo/2016/02/13/22/52/bracelet-1198740_960_720.jpg", "image": "bracelet-1198740_640.jpg"}}, {"model": "products.product", "pk": 40, "fields": {"category": 2, "sku": "pp040", "name": "Bead bracelet", "description": "White bead bracelet", "has_sizes": false, "price": "65.00", "rating": "4.70", "image_url": "https://cdn.pixabay.com/photo/2013/11/27/15/58/accessory-219346_960_720.jpg", "image": "accessory-219346_640.jpg"}}, {"model": "products.product", "pk": 41, "fields": {"category": 2, "sku": "pp041", "name": "Solar quartz bracelet", "description": "Solar quartz geode , blue-white, bracelet", "has_sizes": false, "price": "125.00", "rating": "4.50", "image_url": "https://cdn.pixabay.com/photo/2015/03/09/10/01/solar-quartz-geode-665322_960_720.jpg", "image": "solar-quartz-geode-665322_640.jpg"}}, {"model": "products.product", "pk": 42, "fields": {"category": 2, "sku": "pp042", "name": "Druzy bracelet", "description": "Druzy, blue and green bracelet, different shaped stones", "has_sizes": false, "price": "96.00", "rating": "4.70", "image_url": "https://cdn.pixabay.com/photo/2015/03/09/11/25/druzy-665487_960_720.jpg", "image": "druzy-665487_640.jpg"}}, {"model": "products.product", "pk": 43, "fields": {"category": 2, "sku": "pp043", "name": "Bead bracelet", "description": "Dark green beaded bracelet", "has_sizes": false, "price": "29.00", "rating": "4.30", "image_url": "https://cdn.pixabay.com/photo/2015/03/09/14/15/moss-agate-gemstone-bracelet-665755_960_720.jpg", "image": "moss-agate-gemstone-bracelet-665755_640.jpg"}}, {"model": "products.product", "pk": 44, "fields": {"category": 2, "sku": "pp044", "name": "Bead bracelet", "description": "Multi-coloured beaded bracelet", "has_sizes": false, "price": "31.00", "rating": "4.40", "image_url": "https://cdn.pixabay.com/photo/2015/03/09/14/14/gemstone-bracelet-665753_960_720.jpg", "image": "gemstone-bracelet-665753_640.jpg"}}, {"model": "products.product", "pk": 45, "fields": {"category": 2, "sku": "pp045", "name": "Azure bracelet", "description": "Blue polished azure gems", "has_sizes": false, "price": "67.00", "rating": "4.50", "image_url": "https://cdn.pixabay.com/photo/2018/04/21/22/53/heart-3339762_960_720.jpg", "image": "heart-3339762_1920.jpg"}}, {"model": "products.product", "pk": 46, "fields": {"category": 1, "sku": "pp046", "name": "Moonstone necklace", "description": "Moonstones arranged into a leaf design necklace", "has_sizes": false, "price": "56.00", "rating": "4.70", "image_url": "https://cdn.pixabay.com/photo/2013/02/04/17/31/moonstone-77862_960_720.jpg", "image": "moonstone-77862_640.jpg"}}, {"model": "products.product", "pk": 47, "fields": {"category": 2, "sku": "pp047", "name": "Tiger's eye bracelet", "description": "Bracelet with tiger’s eye stone, silver plate chain", "has_sizes": false, "price": "48.00", "rating": "4.50", "image_url": "https://cdn.pixabay.com/photo/2015/03/09/14/00/tigers-eye-665712_960_720.jpg", "image": "tigers-eye-665712_640.jpg"}}, {"model": "products.product", "pk": 48, "fields": {"category": 2, "sku": "pp048", "name": "Leather bracelet", "description": "Leather bracelet with silver plate flower", "has_sizes": false, "price": "20.00", "rating": "4.50", "image_url": "https://cdn.pixabay.com/photo/2018/01/31/07/26/paper-3120474_960_720.jpg", "image": "paper-3120474_640.jpg"}}, {"model": "products.product", "pk": 49, "fields": {"category": 2, "sku": "pp049", "name": "Leather bracelet", "description": "Leather bracelet, red brown", "has_sizes": false, "price": "23.00", "rating": "4.70", "image_url": "https://cdn.pixabay.com/photo/2021/02/04/20/27/bracelet-5982564_960_720.jpg", "image": "bracelet-5982564_640.jpg"}}, {"model": "products.product", "pk": 50, "fields": {"category": 2, "sku": "pp050", "name": "Leather bracelet", "description": "Leather bracelet, white and brown", "has_sizes": false, "price": "24.00", "rating": "4.60", "image_url": "https://cdn.pixabay.com/photo/2021/02/04/20/26/bracelet-5982558_960_720.jpg", "image": "bracelet-5982558_640.jpg"}}, {"model": "products.product", "pk": 51, "fields": {"category": 2, "sku": "pp051", "name": "Bead bracelet", "description": "Bead bracelet of many colours and shapes", "has_sizes": false, "price": "21.00", "rating": "4.30", "image_url": "https://cdn.pixabay.com/photo/2020/04/04/20/43/bracelet-5003797__340.png", "image": "a-bracelet-5003797_640.png"}}, {"model": "products.product", "pk": 52, "fields": {"category": 2, "sku": "pp052", "name": "Amethyst bracelet", "description": "Purple bracelet consisting of amethyst stones, all different shapes", "has_sizes": false, "price": "25.00", "rating": "4.80", "image_url": "https://cdn.pixabay.com/photo/2018/02/19/18/20/bracelet-3165768__340.jpg", "image": "bracelet-3165768_640.jpg"}}, {"model": "products.product", "pk": 53, "fields": {"category": 2, "sku": "pp053", "name": "Polished chrome bracelet", "description": "Chrome bracelet with hearts", "has_sizes": false, "price": "30.00", "rating": "4.60", "image_url": "https://cdn.pixabay.com/photo/2015/08/06/18/42/stainless-878333__340.jpg", "image": "stainless-878333_640.jpg"}}, {"model": "products.product", "pk": 54, "fields": {"category": 2, "sku": "pp054", "name": "Obsidian bracelet", "description": "Bracelet consisting of five obsidian stones, teardrop shape, with snowflake patterning, silver chain", "has_sizes": false, "price": "95.00", "rating": "4.50", "image_url": "https://cdn.pixabay.com/photo/2015/03/09/13/59/snowflake-obsidian-665711__340.jpg", "image": "snowflake-obsidian-665711_640.jpg"}}, {"model": "products.product", "pk": 55, "fields": {"category": 5, "sku": "pp055", "name": "Blue glass earrings", "description": "Blue green glass earrings teardrop shaped", "has_sizes": false, "price": "30.00", "rating": "4.40", "image_url": "https://cdn.pixabay.com/photo/2015/03/09/10/15/glass-665379_960_720.jpg", "image": "glass-665379_640.jpg"}}, {"model": "products.product", "pk": 56, "fields": {"category": 5, "sku": "pp056", "name": "Gold earrings", "description": "Blue and gold earrings teardrop shaped", "has_sizes": false, "price": "40.00", "rating": "4.50", "image_url": "https://cdn.pixabay.com/photo/2015/07/20/15/11/earrings-852892_960_720.jpg", "image": "earrings-852892_640.jpg"}}, {"model": "products.product", "pk": 57, "fields": {"category": 5, "sku": "pp057", "name": "Painted gold earrings", "description": "Blue enamel painted metallic earrings, teardrop shaped", "has_sizes": false, "price": "54.00", "rating": "4.50", "image_url": "https://cdn.pixabay.com/photo/2011/11/16/11/28/earrings-10332_960_720.jpg", "image": "earrings-10332_640.jpg"}}, {"model": "products.product", "pk": 58, "fields": {"category": 5, "sku": "pp058", "name": "Aventurine earrings", "description": "Leaf design green Aventurine earrings", "has_sizes": false, "price": "62.00", "rating": "4.40", "image_url": "https://cdn.pixabay.com/photo/2015/03/12/01/27/aventurine-669488__340.jpg", "image": "aventurine-669488_640.jpg"}}, {"model": "products.product", "pk": 59, "fields": {"category": 5, "sku": "pp059", "name": "Gold earrings", "description": "Gold and black enamel triangle design earrings", "has_sizes": false, "price": "49.00", "rating": "4.80", "image_url": "https://cdn.pixabay.com/photo/2015/07/20/15/12/earrings-852901_960_720.jpg", "image": "earrings-852901_640.jpg"}}, {"model": "products.product", "pk": 60, "fields": {"category": 5, "sku": "pp060", "name": "Flower earrings", "description": "Flower design blue earrings", "has_sizes": false, "price": "46.00", "rating": "4.30", "image_url": "https://cdn.pixabay.com/photo/2017/07/08/21/20/decor-2485680_960_720.png", "image": "decor-2485680_640.jpg"}}, {"model": "products.product", "pk": 61, "fields": {"category": 5, "sku": "pp061", "name": "Ammonite earrings", "description": "Brown ammonite fossil earrings", "has_sizes": false, "price": "50.00", "rating": "4.90", "image_url": "https://cdn.pixabay.com/photo/2015/03/09/10/05/ammonite-665339_960_720.jpg", "image": "ammonite-665339_640.jpg"}}, {"model": "products.product", "pk": 62, "fields": {"category": 5, "sku": "pp062", "name": "Aquamarine earrings", "description": "Green blue aquamarine earrings", "has_sizes": false, "price": "57.00", "rating": "4.70", "image_url": "https://cdn.pixabay.com/photo/2013/11/06/09/59/earrings-206363_960_720.jpg", "image": "earrings-206363_640.jpg"}}, {"model": "products.product", "pk": 63, "fields": {"category": 3, "sku": "pp063", "name": "Painted silver ring", "description": "Silver ring with enamel paisley paint design", "has_sizes": true, "price": "52.00", "rating": "4.50", "image_url": "https://cdn.pixabay.com/photo/2019/02/07/20/36/ring-3982105_960_720.jpg", "image": "ring-3982105_640.jpg"}}, {"model": "products.product", "pk": 64, "fields": {"category": 3, "sku": "pp064", "name": "Carnelian ring", "description": "Gold plated ring with red carnelian (chalcedony) stone", "has_sizes": true, "price": "43.00", "rating": "4.30", "image_url": "https://cdn.pixabay.com/photo/2015/02/28/11/33/ring-653435_960_720.jpg", "image": "ring-653435_640.jpg"}}, {"model": "products.product", "pk": 65, "fields": {"category": 3, "sku": "pp065", "name": "Morganite ring", "description": "Ring with morganite gem, silver surround", "has_sizes": true, "price": "45.00", "rating": "4.40", "image_url": "https://cdn.pixabay.com/photo/2016/02/13/22/54/ring-1198744__340.jpg", "image": "ring-1198744_640.jpg"}}, {"model": "products.product", "pk": 66, "fields": {"category": 3, "sku": "pp066", "name": "Rhodochrosite ring", "description": "Ring with red square rhodochrosite gem, silver surround", "has_sizes": true, "price": "42.00", "rating": "4.50", "image_url": "https://cdn.pixabay.com/photo/2015/03/09/09/37/rhodochrosite-665274__340.jpg", "image": "rhodochrosite-665274_640.jpg"}}, {"model": "products.product", "pk": 67, "fields": {"category": 3, "sku": "pp067", "name": "Oval gem ring", "description": "Silver ring with oval green gem", "has_sizes": true, "price": "38.00", "rating": "4.80", "image_url": "https://cdn.pixabay.com/photo/2016/02/18/16/21/ring-1207474_960_720.jpg", "image": "ring-1207474_640.jpg"}}, {"model": "products.product", "pk": 68, "fields": {"category": 3, "sku": "pp068", "name": "Green gem ring", "description": "Silver ring with three light green gems (phosphophyllite) inset", "has_sizes": true, "price": "47.00", "rating": "4.60", "image_url": "https://cdn.pixabay.com/photo/2016/02/13/22/42/ring-1198732_960_720.jpg", "image": "ring-1198732_640.jpg"}}, {"model": "products.product", "pk": 69, "fields": {"category": 3, "sku": "pp069", "name": "Blue calcite ring", "description": "Silver ring with oval light blue calcite stone", "has_sizes": true, "price": "51.00", "rating": "4.50", "image_url": "https://cdn.pixabay.com/photo/2015/06/01/10/18/flowers-793119_960_720.jpg", "image": "flowers-793119_640.jpg"}}, {"model": "products.product", "pk": 70, "fields": {"category": 3, "sku": "pp070", "name": "Carnelian ring", "description": "Gold ring with round carnelian stone", "has_sizes": true, "price": "40.00", "rating": "4.60", "image_url": "https://cdn.pixabay.com/photo/2017/06/13/02/22/ring-2397457_960_720.jpg", "image": "ring-2397457_640.jpg"}}, {"model": "products.product", "pk": 71, "fields": {"category": 3, "sku": "pp071", "name": "Teal agate ring", "description": "Gold ring with round teal agate gem", "has_sizes": true, "price": "42.00", "rating": "4.40", "image_url": "https://cdn.pixabay.com/photo/2018/06/29/05/42/ring-3505305__340.png", "image": "ring-3505305_640.jpg"}}, {"model": "products.product", "pk": 72, "fields": {"category": 3, "sku": "pp072", "name": "Chrysoprase ring", "description": "Silver ring with square green chrysoprase stone", "has_sizes": true, "price": "30.00", "rating": "4.80", "image_url": "https://cdn.pixabay.com/photo/2015/03/09/13/49/chrysoprase-665688_960_720.jpg", "image": "chrysoprase-665688_640.jpg"}}, {"model": "products.product", "pk": 73, "fields": {"category": 3, "sku": "pp073", "name": "Chrysoprase ring", "description": "Silver ring with square chrysoprase", "has_sizes": true, "price": "31.00", "rating": "4.50", "image_url": "https://cdn.pixabay.com/photo/2015/03/09/09/36/chrysoprase-665271_960_720.jpg", "image": "chrysoprase-665271_640.jpg"}}, {"model": "products.product", "pk": 74, "fields": {"category": 3, "sku": "pp074", "name": "Rutilated quartz ring", "description": "Silver ring with rutilated quartz", "has_sizes": true, "price": "60.00", "rating": "4.30", "image_url": "https://cdn.pixabay.com/photo/2015/03/09/09/35/rutilated-quartz-665262__340.jpg", "image": "rutilated-quartz-665262_640.jpg"}}, {"model": "products.product", "pk": 75, "fields": {"category": 3, "sku": "pp075", "name": "Chrysoprase ring", "description": "Ring with round green chrysoprase", "has_sizes": true, "price": "45.00", "rating": "4.20", "image_url": "https://cdn.pixabay.com/photo/2018/05/14/14/40/ring-3400224_960_720.png", "image": "ring-3400224_640.jpg"}}, {"model": "products.product", "pk": 76, "fields": {"category": 3, "sku": "pp076", "name": "Blue gem ring", "description": "Silver ring with light blue oval gem", "has_sizes": true, "price": "35.00", "rating": "4.30", "image_url": "https://cdn.pixabay.com/photo/2014/01/17/14/28/gem-246922_960_720.jpg", "image": "gemstone-246922_640.jpg"}}, {"model": "products.product", "pk": 77, "fields": {"category": 3, "sku": "pp077", "name": "Amethyst ring", "description": "Ring with oval amethyst and surrounding diamonds, white gold", "has_sizes": true, "price": "350.00", "rating": "4.40", "image_url": "https://cdn.pixabay.com/photo/2017/03/29/23/38/amethyst-2186842__340.jpg", "image": "amethyst-2186842_640.jpg"}}, {"model": "products.product", "pk": 78, "fields": {"category": 3, "sku": "pp078", "name": "Druzy ring", "description": "Ring with oval druzy, gold surround", "has_sizes": true, "price": "104.00", "rating": "4.50", "image_url": "https://cdn.pixabay.com/photo/2015/03/09/11/36/drusy-665522__340.jpg", "image": "drusy-665522_640.jpg"}}, {"model": "products.product", "pk": 79, "fields": {"category": 3, "sku": "pp079", "name": "Gold ring", "description": "Rose gold ring with geometric pattern", "has_sizes": true, "price": "77.00", "rating": "4.20", "image_url": "https://cdn.pixabay.com/photo/2018/05/23/18/08/ring-with-ornament-3424669__340.png", "image": "ring-with-ornament-3424669_640.jpg"}}, {"model": "products.product", "pk": 80, "fields": {"category": 6, "sku": "pp080", "name": "Necklace and earrings", "description": "Combination of necklace and earrings made using gems of different colours", "has_sizes": false, "price": "65.00", "rating": "4.50", "image_url": "https://cdn.pixabay.com/photo/2015/09/02/10/46/jewelry-918247_960_720.jpg", "image": "necklace-918247_640.jpg"}}, {"model": "products.product", "pk": 81, "fields": {"category": 6, "sku": "pp081", "name": "Bracelet and earrings", "description": "Combination of bracelet and earrings made from beads", "has_sizes": false, "price": "55.00", "rating": "4.30", "image_url": "https://cdn.pixabay.com/photo/2015/08/09/09/35/jewelry-881324_960_720.jpg", "image": "jewelry-881324_640.jpg"}}, {"model": "products.product", "pk": 82, "fields": {"category": 6, "sku": "pp082", "name": "Necklace and rings", "description": "Combination of green necklace and rings, titanium surround", "has_sizes": false, "price": "42.00", "rating": "4.20", "image_url": "https://cdn.pixabay.com/photo/2017/05/28/18/11/fashion-2351694_960_720.jpg", "image": "fashion-2351694_640.jpg"}}, {"model": "products.product", "pk": 83, "fields": {"category": 6, "sku": "pp083", "name": "Necklace and rings", "description": "Combination of blue necklace and rings, titanium surround", "has_sizes": false, "price": "45.00", "rating": "4.30", "image_url": "https://cdn.pixabay.com/photo/2017/06/03/22/26/fashion-jewelry-2369877_960_720.jpg", "image": "fashion-jewelry-2369877_640.jpg"}}, {"model": "products.product", "pk": 84, "fields": {"category": 6, "sku": "pp084", "name": "Necklace, earrings and ring", "description": "Combination of necklace, earrings and ring made using red striped glass, stainless steel metal", "has_sizes": false, "price": "50.00", "rating": "4.80", "image_url": "https://cdn.pixabay.com/photo/2014/01/28/09/07/fused-glass-253622_960_720.jpg", "image": "fused-glass-253622_640.jpg"}}, {"model": "products.product", "pk": 85, "fields": {"category": 6, "sku": "pp085", "name": "Necklace and earrings", "description": "Combination of necklace and earrings made using black and green striped glass stainless steel metal, green flax", "has_sizes": false, "price": "50.00", "rating": "4.60", "image_url": "https://cdn.pixabay.com/photo/2014/01/28/09/11/fused-glass-253623__340.jpg", "image": "fused-glass-253623_640.jpg"}}, {"model": "products.product", "pk": 86, "fields": {"category": 6, "sku": "pp086", "name": "Gold necklace and earrings", "description": "Combination of gold heart necklace and earrings", "has_sizes": false, "price": "70.00", "rating": "4.70", "image_url": "https://cdn.pixabay.com/photo/2020/10/10/22/45/accessories-5644343_960_720.jpg", "image": "accessories-5644343_640.jpg"}}, {"model": "products.product", "pk": 87, "fields": {"category": 6, "sku": "pp087", "name": "Necklace and earrings", "description": "Combination of zirconium and gold necklace and earrings", "has_sizes": false, "price": "220.00", "rating": "4.30", "image_url": "https://cdn.pixabay.com/photo/2021/09/07/07/41/necklace-6603177_960_720.jpg", "image": "necklace-6603177_640.jpg"}}, {"model": "products.product", "pk": 88, "fields": {"category": 5, "sku": "pp088", "name": "Topaz earrings", "description": "Topaz earrings with oval shape, silver surround", "has_sizes": false, "price": "350.00", "rating": "4.68", "image_url": null, "image": "mystic-665373_640.jpg"}}, {"model": "products.product", "pk": 89, "fields": {"category": 5, "sku": "pp089", "name": "Gold arrow earrings", "description": "Gold and black enamel arrow design earrings", "has_sizes": false, "price": "48.00", "rating": "4.49", "image_url": "https://cdn.pixabay.com/photo/2015/07/20/15/12/earrings-852898_960_720.jpg", "image": "earrings-852898_640.jpg"}}, {"model": "products.product", "pk": 91, "fields": {"category": 5, "sku": "pp089", "name": "Flower earrings", "description": "Flower design blue earrings", "has_sizes": false, "price": "35.00", "rating": "4.60", "image_url": "https://cdn.pixabay.com/photo/2017/07/08/21/14/decor-2485655_960_720.png", "image": "decor-2485655_640_mBb1UJM.jpg"}}, {"model": "checkout.order", "pk": 1, "fields": {"order_number": "3FC868A020D44DA0B026E0EFDC20A055", "user_profile": null, "full_name": "etsst", "email": "test@test.com", "phone_number": "123456778", "country": "US", "postcode": "12345", "town_or_city": "fhfhfhfhf", "street_address1": "fhfhfhf", "street_address2": null, "county": "fhfhfhfh", "date": "2021-09-25T15:33:56.414Z", "delivery_cost": "0.00", "order_total": "127.00", "grand_total": "127.00", "original_bag": "", "stripe_pid": ""}}, {"model": "checkout.order", "pk": 2, "fields": {"order_number": "72C1F5ABB78D433D9221905734DAE6A6", "user_profile": null, "full_name": "test", "email": "test@test.com", "phone_number": "123456778", "country": "US", "postcode": "12345", "town_or_city": "tytytyt", "street_address1": "rtrtrt", "street_address2": null, "county": "rtrrtrt", "date": "2021-09-26T08:44:46.336Z", "delivery_cost": "0.00", "order_total": "127.00", "grand_total": "127.00", "original_bag": "", "stripe_pid": ""}}, {"model": "checkout.order", "pk": 3, "fields": {"order_number": "45412779EE024B42B829834B6BD3F861", "user_profile": null, "full_name": "test", "email": "test@test.com", "phone_number": "123456778", "country": "US", "postcode": "12345", "town_or_city": "tytytyt", "street_address1": "rtrtrt", "street_address2": null, "county": "rtrrtrt", "date": "2021-09-26T08:49:00.648Z", "delivery_cost": "0.00", "order_total": "127.00", "grand_total": "127.00", "original_bag": "", "stripe_pid": ""}}, {"model": "checkout.order", "pk": 4, "fields": {"order_number": "32BD5340C5CB42EC90F13DDD098348CD", "user_profile": null, "full_name": "test", "email": "test@test.com", "phone_number": "01234567890", "country": "US", "postcode": "12345", "town_or_city": "tytytyt", "street_address1": "rtrtrt", "street_address2": null, "county": "ytytyt", "date": "2021-09-27T10:33:18.438Z", "delivery_cost": "0.00", "order_total": "118.00", "grand_total": "118.00", "original_bag": "", "stripe_pid": ""}}, {"model": "checkout.order", "pk": 5, "fields": {"order_number": "D6436EEF05EC4896955A169E8EC7559C", "user_profile": null, "full_name": "test", "email": "test@test.com", "phone_number": "01234567890", "country": "US", "postcode": "12345", "town_or_city": "tytytyt", "street_address1": "rtrtrt", "street_address2": null, "county": "erere", "date": "2021-09-27T10:59:51.244Z", "delivery_cost": "0.00", "order_total": "97.00", "grand_total": "97.00", "original_bag": "", "stripe_pid": ""}}, {"model": "checkout.order", "pk": 6, "fields": {"order_number": "6ED1FC9DEAC044C4B0C5453EA1880697", "user_profile": null, "full_name": "test", "email": "test@test.com", "phone_number": "01234567890", "country": "US", "postcode": "12345", "town_or_city": "tytytyt", "street_address1": "rtrtrt", "street_address2": null, "county": "anywhere", "date": "2021-09-27T11:02:43.925Z", "delivery_cost": "0.00", "order_total": "97.00", "grand_total": "97.00", "original_bag": "", "stripe_pid": ""}}, {"model": "checkout.order", "pk": 7, "fields": {"order_number": "D5F386E225C548B398518D37EAE6F926", "user_profile": null, "full_name": "test", "email": "test@test.com", "phone_number": "01234567890", "country": "US", "postcode": "12345", "town_or_city": "tytytyt", "street_address1": "rtrtrt", "street_address2": null, "county": "anywhere", "date": "2021-09-27T11:06:49.091Z", "delivery_cost": "0.00", "order_total": "81.00", "grand_total": "81.00", "original_bag": "", "stripe_pid": ""}}, {"model": "checkout.order", "pk": 8, "fields": {"order_number": "0CFD7977DA824366BB5CBFFFC69C0524", "user_profile": null, "full_name": "test", "email": "test@test.com", "phone_number": "01234567890", "country": "US", "postcode": "12345", "town_or_city": "tytytyt", "street_address1": "rtrtrt", "street_address2": null, "county": "anywhere", "date": "2021-09-27T11:13:00.229Z", "delivery_cost": "4.50", "order_total": "45.00", "grand_total": "49.50", "original_bag": "", "stripe_pid": ""}}, {"model": "checkout.order", "pk": 9, "fields": {"order_number": "B39C9B03BE544A2E9D90760753DB5266", "user_profile": null, "full_name": "test", "email": "test@test.com", "phone_number": "01234567890", "country": "US", "postcode": "12345", "town_or_city": "tytytyt", "street_address1": "rtrtrt", "street_address2": null, "county": "anywhere", "date": "2021-09-27T11:15:10.754Z", "delivery_cost": "4.50", "order_total": "45.00", "grand_total": "49.50", "original_bag": "", "stripe_pid": ""}}, {"model": "checkout.order", "pk": 10, "fields": {"order_number": "C6D9484C9CD74C608D8B66EFF975CCED", "user_profile": null, "full_name": "test", "email": "test@test.com", "phone_number": "01234567890", "country": "US", "postcode": "12345", "town_or_city": "tytytyt", "street_address1": "rtrtrt", "street_address2": null, "county": "anywhere", "date": "2021-09-28T09:09:20.070Z", "delivery_cost": "4.80", "order_total": "48.00", "grand_total": "52.80", "original_bag": "", "stripe_pid": ""}}, {"model": "checkout.order", "pk": 11, "fields": {"order_number": "EF40B5CFE50E44C5B5D47375EEA5A82C", "user_profile": null, "full_name": "test", "email": "test@test.com", "phone_number": "01234567890", "country": "US", "postcode": "12345", "town_or_city": "tytytyt", "street_address1": "rtrtrt", "street_address2": null, "county": "anywhere", "date": "2021-09-28T13:26:14.319Z", "delivery_cost": "0.00", "order_total": "87.00", "grand_total": "87.00", "original_bag": "", "stripe_pid": ""}}, {"model": "checkout.order", "pk": 12, "fields": {"order_number": "6BEEADA063B045AD92618EC6E457D369", "user_profile": null, "full_name": "test", "email": "test@test.com", "phone_number": "01234567890", "country": "US", "postcode": "12345", "town_or_city": "tytytyt", "street_address1": "rtrtrt", "street_address2": null, "county": "anywhere", "date": "2021-09-28T13:31:31.916Z", "delivery_cost": "0.00", "order_total": "146.00", "grand_total": "146.00", "original_bag": "", "stripe_pid": ""}}, {"model": "checkout.order", "pk": 13, "fields": {"order_number": "B99298B069AD44B3BAAFABA37E506A91", "user_profile": null, "full_name": "test", "email": "test@test.com", "phone_number": "01234567890", "country": "US", "postcode": "12345", "town_or_city": "tytytyt", "street_address1": "rtrtrt", "street_address2": null, "county": "anywhere", "date": "2021-09-28T15:25:10.908Z", "delivery_cost": "0.00", "order_total": "100.00", "grand_total": "100.00", "original_bag": "{\"59\": 1, \"69\": {\"items_by_size\": {\"m\": 1}}}", "stripe_pid": "pi_3Jei9hGl8FO5pWvH1QX7LMXQ_"}}, {"model": "checkout.order", "pk": 14, "fields": {"order_number": "B510EF85005E4143AB8B87B989744A1E", "user_profile": null, "full_name": "test", "email": "test@test.com", "phone_number": "01234567890", "country": "US", "postcode": "12345", "town_or_city": "tytytyt", "street_address1": "rtrtrt", "street_address2": null, "county": "anywhere", "date": "2021-09-28T15:25:16.545Z", "delivery_cost": "0.00", "order_total": "100.00", "grand_total": "100.00", "original_bag": "{\"59\": 1, \"69\": {\"items_by_size\": {\"m\": 1}}}", "stripe_pid": "pi_3Jei9hGl8FO5pWvH1QX7LMXQ"}}, {"model": "checkout.order", "pk": 15, "fields": {"order_number": "BE8F31963F7A4102A848C63B6EC34E44", "user_profile": null, "full_name": "test", "email": "test@test.com", "phone_number": "01234567890", "country": "US", "postcode": "12345", "town_or_city": "tytytyt", "street_address1": "rtrtrt", "street_address2": null, "county": "anywhere", "date": "2021-09-28T15:37:27.596Z", "delivery_cost": "4.00", "order_total": "40.00", "grand_total": "44.00", "original_bag": "{\"56\": 1}", "stripe_pid": "pi_3JeiMHGl8FO5pWvH0t88WK6D_"}}, {"model": "checkout.order", "pk": 16, "fields": {"order_number": "E8B96373731B4D23A4071BADD0343B17", "user_profile": null, "full_name": "test", "email": "test@test.com", "phone_number": "01234567890", "country": "US", "postcode": "12345", "town_or_city": "tytytyt", "street_address1": "rtrtrt", "street_address2": null, "county": "anywhere", "date": "2021-09-28T15:37:33.300Z", "delivery_cost": "4.00", "order_total": "40.00", "grand_total": "44.00", "original_bag": "{\"56\": 1}", "stripe_pid": "pi_3JeiMHGl8FO5pWvH0t88WK6D"}}, {"model": "checkout.order", "pk": 17, "fields": {"order_number": "E2C2CC0CE78C413AB9FF4F078148F28C", "user_profile": null, "full_name": "test", "email": "test@test.com", "phone_number": "01234567890", "country": "US", "postcode": "12345", "town_or_city": "tytytyt", "street_address1": "rtrtrt", "street_address2": null, "county": "anywhere", "date": "2021-09-28T21:15:27.079Z", "delivery_cost": "0.00", "order_total": "125.00", "grand_total": "125.00", "original_bag": "{\"41\": 1}", "stripe_pid": "pi_3JendMGl8FO5pWvH14OU98QT_"}}, {"model": "checkout.order", "pk": 18, "fields": {"order_number": "C53C5FD5321B4EBFAF2C1D970569C58E", "user_profile": null, "full_name": "test", "email": "test@test.com", "phone_number": "01234567890", "country": "US", "postcode": "12345", "town_or_city": "tytytyt", "street_address1": "rtrtrt", "street_address2": null, "county": "anywhere", "date": "2021-09-28T21:15:32.720Z", "delivery_cost": "0.00", "order_total": "125.00", "grand_total": "125.00", "original_bag": "{\"41\": 1}", "stripe_pid": "pi_3JendMGl8FO5pWvH14OU98QT"}}, {"model": "checkout.order", "pk": 19, "fields": {"order_number": "BCEDAD4243334907AACB9E9B8D0D5568", "user_profile": null, "full_name": "test", "email": "test@test.com", "phone_number": "01234567890", "country": "US", "postcode": "12345", "town_or_city": "tytytyt", "street_address1": "rtrtrt", "street_address2": null, "county": "anywhere", "date": "2021-09-30T16:10:34.598Z", "delivery_cost": "4.60", "order_total": "46.00", "grand_total": "50.60", "original_bag": "{\"60\": 1}", "stripe_pid": "pi_3JfRpMGl8FO5pWvH0dBowgrO_"}}, {"model": "checkout.order", "pk": 20, "fields": {"order_number": "99892E0CD7E541829BE45AE04B0BC3F5", "user_profile": null, "full_name": "test", "email": "test@test.com", "phone_number": "01234567890", "country": "US", "postcode": "12345", "town_or_city": "tytytyt", "street_address1": "rtrtrt", "street_address2": null, "county": "anywhere", "date": "2021-10-01T11:36:34.375Z", "delivery_cost": "2.50", "order_total": "25.00", "grand_total": "27.50", "original_bag": "{\"35\": 1}", "stripe_pid": "pi_3Jfk0PGl8FO5pWvH1PcDkVhV_"}}, {"model": "checkout.order", "pk": 21, "fields": {"order_number": "3BB1A3A801F34D649F3A7E9E6E7CD42F", "user_profile": null, "full_name": "test", "email": "test@test.com", "phone_number": "01234567890", "country": "US", "postcode": "12345", "town_or_city": "tytytyt", "street_address1": "rtrtrt", "street_address2": null, "county": "anywhere", "date": "2021-10-01T11:54:04.761Z", "delivery_cost": "4.70", "order_total": "47.00", "grand_total": "51.70", "original_bag": "{\"36\": 1}", "stripe_pid": "pi_3JfkIHGl8FO5pWvH11zx5rWw_"}}, {"model": "checkout.order", "pk": 22, "fields": {"order_number": "E405C2ACE3104C2FA813EC84250051DB", "user_profile": 2, "full_name": "test", "email": "test@test.com", "phone_number": "01234567890", "country": "US", "postcode": "12345", "town_or_city": "tytytyt", "street_address1": "rtrtrt", "street_address2": null, "county": "anywhere", "date": "2021-10-03T15:58:55.750Z", "delivery_cost": "0.00", "order_total": "108.00", "grand_total": "108.00", "original_bag": "{\"39\": 1}", "stripe_pid": "pi_3JgX3pGl8FO5pWvH0LajC3IC_"}}, {"model": "checkout.order", "pk": 23, "fields": {"order_number": "74DCEF5B089146A78A8428D784F4E132", "user_profile": 2, "full_name": "test", "email": "test@test.com", "phone_number": "01234567890", "country": "US", "postcode": "12345", "town_or_city": "tytytyt", "street_address1": "rtrtrt", "street_address2": null, "county": "anywhere", "date": "2021-10-03T16:12:14.098Z", "delivery_cost": "4.90", "order_total": "49.00", "grand_total": "53.90", "original_bag": "{\"59\": 1}", "stripe_pid": "pi_3JgXHkGl8FO5pWvH0x9sTyIR_"}}, {"model": "checkout.order", "pk": 24, "fields": {"order_number": "BA36559B07FC4A7EBA680A42C3586172", "user_profile": 2, "full_name": "test", "email": "test@test.com", "phone_number": "01234567890", "country": "US", "postcode": "12345", "town_or_city": "tytytyt", "street_address1": "rtrtrt", "street_address2": null, "county": "anywhere", "date": "2021-10-03T16:21:28.603Z", "delivery_cost": "3.50", "order_total": "35.00", "grand_total": "38.50", "original_bag": "{\"6\": 1}", "stripe_pid": "pi_3JgXQvGl8FO5pWvH0umzDBIR_"}}, {"model": "checkout.order", "pk": 25, "fields": {"order_number": "E4E999D5DF084DC384CEDE96ED97A0FB", "user_profile": 2, "full_name": "test", "email": "test@test.com", "phone_number": "01234567890", "country": "US", "postcode": "12345", "town_or_city": "tytytyt", "street_address1": "rtrtrt", "street_address2": null, "county": "anywhere", "date": "2021-10-03T20:49:09.252Z", "delivery_cost": "3.00", "order_total": "30.00", "grand_total": "33.00", "original_bag": "{\"55\": 1}", "stripe_pid": "pi_3JgbbdGl8FO5pWvH07aeTcvK_"}}, {"model": "checkout.order", "pk": 26, "fields": {"order_number": "97830AC274DA452185645CBDB2D02D21", "user_profile": 1, "full_name": "Testing confirmation Email", "email": "s04anson@gmail.com", "phone_number": "01234567890", "country": "US", "postcode": "12345", "town_or_city": "tytytyt", "street_address1": "rtrtrt", "street_address2": null, "county": "anywhere", "date": "2021-10-03T21:27:57.434Z", "delivery_cost": "0.00", "order_total": "50.00", "grand_total": "50.00", "original_bag": "{\"1\": 1}", "stripe_pid": "pi_3JgcCTGl8FO5pWvH0oTrbuj8_"}}, {"model": "checkout.order", "pk": 27, "fields": {"order_number": "64803EAEF7E14F1AA57B3B30FDE15E3A", "user_profile": null, "full_name": "test", "email": "test@test.com", "phone_number": "01234567890", "country": "US", "postcode": "12345", "town_or_city": "tytytyt", "street_address1": "rtrtrt", "street_address2": null, "county": "anywhere", "date": "2021-10-09T19:12:42.013Z", "delivery_cost": "0.00", "order_total": "78.00", "grand_total": "78.00", "original_bag": "{\"56\": 1, \"67\": {\"items_by_size\": {\"m\": 1}}}", "stripe_pid": "pi_3JikuDGl8FO5pWvH06gLgtr9_"}}, {"model": "checkout.order", "pk": 28, "fields": {"order_number": "520F643FBBE64050B9C141F9908CD59C", "user_profile": null, "full_name": "test", "email": "test@test.com", "phone_number": "01234567890", "country": "US", "postcode": "12345", "town_or_city": "tytytyt", "street_address1": "rtrtrt", "street_address2": null, "county": "anywhere", "date": "2021-10-11T09:12:26.859Z", "delivery_cost": "0.00", "order_total": "76.00", "grand_total": "76.00", "original_bag": "{\"8\": 2}", "stripe_pid": "pi_3JjKXcGl8FO5pWvH14uSlMHy_"}}, {"model": "checkout.order", "pk": 29, "fields": {"order_number": "BDF81AA91AD64EC5BE8528914A47E04A", "user_profile": null, "full_name": "test", "email": "test@test.com", "phone_number": "01234567890", "country": "US", "postcode": "1235", "town_or_city": "tytytyt", "street_address1": "rtrtrt", "street_address2": null, "county": "anywhere", "date": "2021-10-12T10:46:25.008Z", "delivery_cost": "4.20", "order_total": "42.00", "grand_total": "46.20", "original_bag": "{\"66\": {\"items_by_size\": {\"m\": 1}}}", "stripe_pid": "pi_3JjiSHGl8FO5pWvH04kjGCvo_"}}, {"model": "checkout.order", "pk": 30, "fields": {"order_number": "66D9F41B6C14411DB70D4FD2147BEE26", "user_profile": null, "full_name": "test", "email": "test@test.com", "phone_number": "01234567890", "country": "US", "postcode": "12345", "town_or_city": "tytytyt", "street_address1": "rtrtrt", "street_address2": null, "county": "anywhere", "date": "2021-10-12T10:59:57.057Z", "delivery_cost": "4.20", "order_total": "42.00", "grand_total": "46.20", "original_bag": "{\"66\": {\"items_by_size\": {\"m\": 1}}}", "stripe_pid": "pi_3JjifgGl8FO5pWvH0yctxCAo_"}}, {"model": "checkout.order", "pk": 31, "fields": {"order_number": "6316C641BF6345DCB40B1507EBF7B1EC", "user_profile": null, "full_name": "test", "email": "test@test.com", "phone_number": "01234567890", "country": "US", "postcode": "12345", "town_or_city": "tytytyt", "street_address1": "rtrtrt", "street_address2": null, "county": "anywhere", "date": "2021-10-13T16:59:31.122Z", "delivery_cost": "3.60", "order_total": "36.00", "grand_total": "39.60", "original_bag": "{\"7\": 1}", "stripe_pid": "pi_3JkAmjGl8FO5pWvH1SZ9yQNl_"}}, {"model": "checkout.order", "pk": 32, "fields": {"order_number": "3C6C49B3A3F446C09351DDB37AFEFB29", "user_profile": null, "full_name": "test", "email": "test@test.com", "phone_number": "01234567890", "country": "US", "postcode": "12345", "town_or_city": "tytytyt", "street_address1": "rtrtrt", "street_address2": null, "county": "anywhere", "date": "2021-10-13T17:12:59.980Z", "delivery_cost": "0.00", "order_total": "54.00", "grand_total": "54.00", "original_bag": "{\"57\": 1}", "stripe_pid": "pi_3JkAzsGl8FO5pWvH0lYouZyM"}}, {"model": "checkout.order", "pk": 33, "fields": {"order_number": "34541158184C42B890DE82350FAAC61D", "user_profile": null, "full_name": "test", "email": "test@test.com", "phone_number": "01234567890", "country": "US", "postcode": "12345", "town_or_city": "tytytyt", "street_address1": "rtrtrt", "street_address2": null, "county": "anywhere", "date": "2021-10-15T08:51:18.475Z", "delivery_cost": "3.50", "order_total": "35.00", "grand_total": "38.50", "original_bag": "{\"6\": 1}", "stripe_pid": "pi_3Jkm7TGl8FO5pWvH10NuM6kh"}}, {"model": "checkout.orderlineitem", "pk": 1, "fields": {"order": 1, "product": 6, "product_size": null, "quantity": 1, "lineitem_total": "35.00"}}, {"model": "checkout.orderlineitem", "pk": 2, "fields": {"order": 1, "product": 85, "product_size": null, "quantity": 1, "lineitem_total": "50.00"}}, {"model": "checkout.orderlineitem", "pk": 3, "fields": {"order": 1, "product": 66, "product_size": "m", "quantity": 1, "lineitem_total": "42.00"}}, {"model": "checkout.orderlineitem", "pk": 4, "fields": {"order": 2, "product": 6, "product_size": null, "quantity": 1, "lineitem_total": "35.00"}}, {"model": "checkout.orderlineitem", "pk": 5, "fields": {"order": 2, "product": 85, "product_size": null, "quantity": 1, "lineitem_total": "50.00"}}, {"model": "checkout.orderlineitem", "pk": 6, "fields": {"order": 2, "product": 66, "product_size": "m", "quantity": 1, "lineitem_total": "42.00"}}, {"model": "checkout.orderlineitem", "pk": 7, "fields": {"order": 3, "product": 6, "product_size": null, "quantity": 1, "lineitem_total": "35.00"}}, {"model": "checkout.orderlineitem", "pk": 8, "fields": {"order": 3, "product": 85, "product_size": null, "quantity": 1, "lineitem_total": "50.00"}}, {"model": "checkout.orderlineitem", "pk": 9, "fields": {"order": 3, "product": 66, "product_size": "m", "quantity": 1, "lineitem_total": "42.00"}}, {"model": "checkout.orderlineitem", "pk": 10, "fields": {"order": 4, "product": 35, "product_size": null, "quantity": 1, "lineitem_total": "25.00"}}, {"model": "checkout.orderlineitem", "pk": 11, "fields": {"order": 4, "product": 61, "product_size": null, "quantity": 1, "lineitem_total": "50.00"}}, {"model": "checkout.orderlineitem", "pk": 12, "fields": {"order": 4, "product": 64, "product_size": "s", "quantity": 1, "lineitem_total": "43.00"}}, {"model": "checkout.orderlineitem", "pk": 13, "fields": {"order": 5, "product": 16, "product_size": null, "quantity": 1, "lineitem_total": "45.00"}}, {"model": "checkout.orderlineitem", "pk": 14, "fields": {"order": 5, "product": 63, "product_size": "m", "quantity": 1, "lineitem_total": "52.00"}}, {"model": "checkout.orderlineitem", "pk": 15, "fields": {"order": 6, "product": 16, "product_size": null, "quantity": 1, "lineitem_total": "45.00"}}, {"model": "checkout.orderlineitem", "pk": 16, "fields": {"order": 6, "product": 63, "product_size": "m", "quantity": 1, "lineitem_total": "52.00"}}, {"model": "checkout.orderlineitem", "pk": 17, "fields": {"order": 7, "product": 21, "product_size": null, "quantity": 1, "lineitem_total": "41.00"}}, {"model": "checkout.orderlineitem", "pk": 18, "fields": {"order": 7, "product": 70, "product_size": "m", "quantity": 1, "lineitem_total": "40.00"}}, {"model": "checkout.orderlineitem", "pk": 19, "fields": {"order": 8, "product": 16, "product_size": null, "quantity": 1, "lineitem_total": "45.00"}}, {"model": "checkout.orderlineitem", "pk": 20, "fields": {"order": 9, "product": 16, "product_size": null, "quantity": 1, "lineitem_total": "45.00"}}, {"model": "checkout.orderlineitem", "pk": 21, "fields": {"order": 10, "product": 34, "product_size": null, "quantity": 1, "lineitem_total": "48.00"}}, {"model": "checkout.orderlineitem", "pk": 22, "fields": {"order": 11, "product": 2, "product_size": null, "quantity": 1, "lineitem_total": "45.00"}}, {"model": "checkout.orderlineitem", "pk": 23, "fields": {"order": 11, "product": 66, "product_size": "m", "quantity": 1, "lineitem_total": "42.00"}}, {"model": "checkout.orderlineitem", "pk": 24, "fields": {"order": 12, "product": 39, "product_size": null, "quantity": 1, "lineitem_total": "108.00"}}, {"model": "checkout.orderlineitem", "pk": 25, "fields": {"order": 12, "product": 67, "product_size": "m", "quantity": 1, "lineitem_total": "38.00"}}, {"model": "checkout.orderlineitem", "pk": 26, "fields": {"order": 13, "product": 59, "product_size": null, "quantity": 1, "lineitem_total": "49.00"}}, {"model": "checkout.orderlineitem", "pk": 27, "fields": {"order": 13, "product": 69, "product_size": "m", "quantity": 1, "lineitem_total": "51.00"}}, {"model": "checkout.orderlineitem", "pk": 28, "fields": {"order": 14, "product": 59, "product_size": null, "quantity": 1, "lineitem_total": "49.00"}}, {"model": "checkout.orderlineitem", "pk": 29, "fields": {"order": 14, "product": 69, "product_size": "m", "quantity": 1, "lineitem_total": "51.00"}}, {"model": "checkout.orderlineitem", "pk": 30, "fields": {"order": 15, "product": 56, "product_size": null, "quantity": 1, "lineitem_total": "40.00"}}, {"model": "checkout.orderlineitem", "pk": 31, "fields": {"order": 16, "product": 56, "product_size": null, "quantity": 1, "lineitem_total": "40.00"}}, {"model": "checkout.orderlineitem", "pk": 32, "fields": {"order": 17, "product": 41, "product_size": null, "quantity": 1, "lineitem_total": "125.00"}}, {"model": "checkout.orderlineitem", "pk": 33, "fields": {"order": 18, "product": 41, "product_size": null, "quantity": 1, "lineitem_total": "125.00"}}, {"model": "checkout.orderlineitem", "pk": 34, "fields": {"order": 19, "product": 60, "product_size": null, "quantity": 1, "lineitem_total": "46.00"}}, {"model": "checkout.orderlineitem", "pk": 35, "fields": {"order": 20, "product": 35, "product_size": null, "quantity": 1, "lineitem_total": "25.00"}}, {"model": "checkout.orderlineitem", "pk": 36, "fields": {"order": 21, "product": 36, "product_size": null, "quantity": 1, "lineitem_total": "47.00"}}, {"model": "checkout.orderlineitem", "pk": 37, "fields": {"order": 22, "product": 39, "product_size": null, "quantity": 1, "lineitem_total": "108.00"}}, {"model": "checkout.orderlineitem", "pk": 38, "fields": {"order": 23, "product": 59, "product_size": null, "quantity": 1, "lineitem_total": "49.00"}}, {"model": "checkout.orderlineitem", "pk": 39, "fields": {"order": 24, "product": 6, "product_size": null, "quantity": 1, "lineitem_total": "35.00"}}, {"model": "checkout.orderlineitem", "pk": 40, "fields": {"order": 25, "product": 55, "product_size": null, "quantity": 1, "lineitem_total": "30.00"}}, {"model": "checkout.orderlineitem", "pk": 41, "fields": {"order": 26, "product": 1, "product_size": null, "quantity": 1, "lineitem_total": "50.00"}}, {"model": "checkout.orderlineitem", "pk": 42, "fields": {"order": 27, "product": 56, "product_size": null, "quantity": 1, "lineitem_total": "40.00"}}, {"model": "checkout.orderlineitem", "pk": 43, "fields": {"order": 27, "product": 67, "product_size": "m", "quantity": 1, "lineitem_total": "38.00"}}, {"model": "checkout.orderlineitem", "pk": 44, "fields": {"order": 28, "product": 8, "product_size": null, "quantity": 2, "lineitem_total": "76.00"}}, {"model": "checkout.orderlineitem", "pk": 45, "fields": {"order": 29, "product": 66, "product_size": "m", "quantity": 1, "lineitem_total": "42.00"}}, {"model": "checkout.orderlineitem", "pk": 46, "fields": {"order": 30, "product": 66, "product_size": "m", "quantity": 1, "lineitem_total": "42.00"}}, {"model": "checkout.orderlineitem", "pk": 47, "fields": {"order": 31, "product": 7, "product_size": null, "quantity": 1, "lineitem_total": "36.00"}}, {"model": "checkout.orderlineitem", "pk": 48, "fields": {"order": 32, "product": 57, "product_size": null, "quantity": 1, "lineitem_total": "54.00"}}, {"model": "checkout.orderlineitem", "pk": 49, "fields": {"order": 33, "product": 6, "product_size": null, "quantity": 1, "lineitem_total": "35.00"}}, {"model": "profiles.userprofile", "pk": 1, "fields": {"user": 1, "default_phone_number": "01234567890", "default_street_address1": "rtrtrt", "default_street_address2": null, "default_town_or_city": "tytytyt", "default_county": "anywhere", "default_postcode": "12345", "default_country": "US"}}, {"model": "profiles.userprofile", "pk": 2, "fields": {"user": 2, "default_phone_number": "01234567890", "default_street_address1": "rtrtrt", "default_street_address2": null, "default_town_or_city": "tytytyt", "default_county": "anywhere", "default_postcode": "12345", "default_country": "US"}}]